signal_date,ts_code,name,score,patterns,entry_close,ret_1d,ret_3d,ret_5d
20260716,300404.SZ,博济医药,115.4,趋势强势|平台突破,10.79,,,
20260716,002998.SZ,优彩资源,112.2,趋势强势|平台突破,7.77,,,
20260716,002303.SZ,美盈森,110.3,趋势强势|平台突破,5.04,,,
20260716,300519.SZ,新光药业,109.3,趋势强势|平台突破,14.62,,,
20260716,002737.SZ,葵花药业,108.7,趋势强势|平台突破,13.81,,,
20260716,600354.SH,敦煌种业,108.6,趋势强势|平台突破,5.68,,,
20260716,603707.SH,健友股份,108.4,趋势强势|平台突破,8.28,,,
20260716,601058.SH,赛轮轮胎,108.3,趋势强势|平台突破,13.78,,,
20260716,002727.SZ,一心堂,108.0,趋势强势|平台突破,11.53,,,
20260716,002873.SZ,新天药业,107.3,趋势强势|平台突破,8.43,,,
20260716,300426.SZ,华智数媒,107.3,趋势强势|平台突破,6.05,,,
20260716,600535.SH,天士力,107.3,趋势强势|平台突破,15.93,,,
20260716,600572.SH,康恩贝,107.0,趋势强势|平台突破,4.41,,,
20260716,300030.SZ,阳普医疗,106.6,趋势强势|平台突破,6.67,,,
20260716,300143.SZ,盈康生命,105.7,趋势强势|平台突破,7.7,,,
20260716,002172.SZ,澳洋健康,105.4,趋势强势|平台突破,3.29,,,
20260716,002252.SZ,上海莱士,105.4,趋势强势|平台突破,5.19,,,
20260716,002100.SZ,天康生物,105.0,趋势强势|平台突破,7.19,,,
20260716,600521.SH,华海药业,105.0,趋势强势|平台突破,17.63,,,
20260716,920190.BJ,雷神科技,105.0,趋势强势|平台突破,29.98,,,
20260716,000597.SZ,东北制药,104.4,趋势强势|平台突破,4.9,,,
20260716,002599.SZ,盛通股份,104.4,趋势强势|平台突破,5.77,,,
20260716,688575.SH,亚辉龙,104.3,趋势强势|平台突破,9.74,,,
20260716,002412.SZ,汉森制药,103.6,趋势强势,6.72,,,
20260716,603456.SH,九洲药业,103.6,趋势强势|平台突破,16.03,,,
20260716,300315.SZ,掌趣科技,103.5,趋势强势|平台突破,4.16,,,
20260716,002019.SZ,亿帆医药,103.3,趋势强势|平台突破,10.95,,,
20260716,300485.SZ,赛升药业,103.2,趋势强势,10.45,,,
20260716,301333.SZ,诺思格,103.2,趋势强势|平台突破,59.44,,,
20260716,300251.SZ,光线传媒,102.9,趋势强势|平台突破,13.57,,,
20260716,600557.SH,康缘药业,102.9,趋势强势|平台突破,13.63,,,
20260716,002746.SZ,仙坛股份,102.8,趋势强势,6.01,,,
20260716,300357.SZ,我武生物,102.5,趋势强势|平台突破,25.79,,,
20260716,600479.SH,千金药业,102.4,趋势强势|平台突破,10.14,,,
20260716,002558.SZ,巨人网络,102.3,趋势强势|平台突破,30.28,,,
20260716,600882.SH,妙可蓝多,102.3,趋势强势|平台突破,22.11,,,
20260716,300705.SZ,九典制药,102.0,趋势强势|平台突破,11.46,,,
20260716,002688.SZ,金河生物,101.8,趋势强势|平台突破,5.2,,,
20260716,000089.SZ,深圳机场,101.6,趋势强势|平台突破,6.63,,,
20260716,002390.SZ,信邦制药,101.6,趋势强势,3.14,,,
20260716,000950.SZ,重药控股,101.5,趋势强势|平台突破,5.64,,,
20260716,688169.SH,石头科技,101.4,趋势强势|平台突破,106.0,,,
20260716,301301.SZ,川宁生物,101.3,趋势强势|平台突破,8.89,,,
20260716,603893.SH,瑞芯微,101.2,趋势强势,222.24,,,
20260716,002264.SZ,新华都,101.1,趋势强势|平台突破,6.27,,,
20260716,002923.SZ,润都股份,100.8,趋势强势,11.83,,,
20260716,000739.SZ,普洛药业,100.7,趋势强势|平台突破,21.0,,,
20260716,002644.SZ,佛慈制药,100.3,趋势强势|平台突破,7.98,,,
20260716,600267.SH,海正药业,100.1,趋势强势,11.99,,,
20260716,600380.SH,健康元,100.1,趋势强势|平台突破,10.64,,,
20260716,002332.SZ,仙琚制药,100.0,趋势强势|平台突破,8.81,,,
20260716,301100.SZ,风光股份,100.0,趋势强势,17.87,,,
20260716,002793.SZ,罗欣药业,99.7,趋势强势,4.88,,,
20260716,300583.SZ,赛托生物,99.6,趋势强势|平台突破,12.77,,,
20260716,301047.SZ,义翘神州,99.6,趋势强势,75.22,,,
20260716,001317.SZ,三羊马,99.3,趋势强势|平台突破,51.3,,,
20260716,002250.SZ,联化科技,99.3,趋势强势,16.17,,,
20260716,300642.SZ,透景生命,99.2,趋势强势|平台突破,13.6,,,
20260716,002867.SZ,周大生,99.1,趋势强势|平台突破,12.73,,,
20260716,300529.SZ,健帆生物,99.0,趋势强势|平台突破,17.7,,,
20260716,688373.SH,盟科药业,99.0,趋势强势,5.51,,,
20260716,920566.BJ,梓橦宫,98.7,趋势强势,10.71,,,
20260716,300015.SZ,爱尔眼科,98.6,趋势强势|平台突破,9.01,,,
20260716,603387.SH,基蛋生物,98.6,趋势强势|平台突破,9.25,,,
20260716,600422.SH,昆药集团,98.5,趋势强势|平台突破,9.24,,,
20260716,603198.SH,迎驾贡酒,98.4,趋势强势|平台突破,35.08,,,
20260716,002007.SZ,华兰生物,98.3,趋势强势|平台突破,13.66,,,
20260716,301509.SZ,金凯生科,98.3,趋势强势|平台突破,32.9,,,
20260716,000661.SZ,长春高新,98.2,趋势强势|平台突破,75.94,,,
20260716,600594.SH,益佰制药,98.2,趋势强势,3.61,,,
20260716,000779.SZ,甘咨询,98.0,趋势强势,11.12,,,
20260716,300761.SZ,立华股份,97.9,趋势强势|平台突破,19.98,,,
20260716,600351.SH,亚宝药业,97.8,趋势强势,6.8,,,
20260716,000908.SZ,石药景峰,97.6,趋势强势,7.48,,,
20260716,300654.SZ,世纪天鸿,97.6,趋势强势,11.36,,,
20260716,002891.SZ,中宠股份,97.4,趋势强势|平台突破,29.58,,,
20260716,000423.SZ,东阿阿胶,97.3,趋势强势|平台突破,51.4,,,
20260716,300452.SZ,山河药辅,97.3,趋势强势,13.0,,,
20260716,300003.SZ,乐普医疗,97.2,趋势强势|平台突破,13.28,,,
20260716,000999.SZ,华润三九,96.6,趋势强势|平台突破,25.84,,,
20260716,300896.SZ,爱美客,96.6,趋势强势|平台突破,97.54,,,
20260716,601019.SH,山东出版,96.6,趋势强势|平台突破,7.27,,,
20260716,002603.SZ,以岭药业,96.3,趋势强势,17.38,,,
20260716,603630.SH,拉芳家化,96.2,平台突破,14.71,,,
20260716,600866.SH,星湖科技,96.1,趋势强势|平台突破,5.04,,,
20260716,920017.BJ,星昊医药,96.1,趋势强势,17.82,,,
20260716,300026.SZ,红日药业,95.9,趋势强势,3.43,,,
20260716,002244.SZ,滨江集团,95.7,趋势强势|平台突破,8.7,,,
20260716,002343.SZ,慈文传媒,95.7,趋势强势,4.97,,,
20260716,000860.SZ,顺鑫农业,95.6,趋势强势|平台突破,11.1,,,
20260716,000963.SZ,华东医药,95.6,趋势强势|平台突破,31.96,,,
20260716,002437.SZ,誉衡药业,95.6,趋势强势,3.17,,,
20260716,300439.SZ,美康生物,95.6,趋势强势|平台突破,9.04,,,
20260716,300601.SZ,康泰生物,95.6,趋势强势,12.85,,,
20260716,600085.SH,同仁堂,95.6,趋势强势|平台突破,26.93,,,
20260716,300595.SZ,欧普康视,95.5,趋势强势|平台突破,11.46,,,
20260716,002582.SZ,好想你,95.4,趋势强势,9.52,,,
20260716,600587.SH,新华医疗,95.3,趋势强势|平台突破,13.15,,,
20260716,605296.SH,神农集团,95.2,趋势强势|平台突破,31.74,,,
20260716,300142.SZ,沃森生物,95.1,趋势强势,13.99,,,
20260716,000538.SZ,云南白药,94.9,趋势强势|平台突破,52.11,,,
20260716,003010.SZ,若羽臣,94.9,平台突破,26.23,,,
20260716,600976.SH,健民集团,94.9,趋势强势|平台突破,30.52,,,
20260716,002728.SZ,特一药业,94.8,趋势强势,10.27,,,
20260716,688085.SH,三友医疗,94.8,趋势强势|平台突破,13.54,,,
20260716,600971.SH,恒源煤电,94.7,趋势强势,7.85,,,
20260716,605507.SH,国邦医药,94.7,趋势强势|平台突破,16.41,,,
20260716,605050.SH,福然德,94.6,趋势强势|平台突破,10.77,,,
20260716,300016.SZ,北陆药业,94.5,趋势强势,8.56,,,
20260716,600846.SH,同济科技,94.4,趋势强势|平台突破,11.96,,,
20260716,000990.SZ,诚志股份,94.3,趋势强势,9.56,,,
20260716,600848.SH,上海临港,94.2,趋势强势|平台突破,8.36,,,
20260716,002349.SZ,精华制药,94.0,趋势强势,7.01,,,
20260716,000729.SZ,燕京啤酒,93.9,趋势强势,12.01,,,
20260716,600771.SH,广誉远,93.9,趋势强势,15.81,,,
20260716,603170.SH,宝立食品,93.9,趋势强势|平台突破,12.65,,,
20260716,600195.SH,中牧股份,93.7,趋势强势,6.64,,,
20260716,603566.SH,普莱柯,93.7,趋势强势|平台突破,11.01,,,
20260716,000919.SZ,金陵药业,93.6,趋势强势,6.51,,,
20260716,002219.SZ,新里程,93.6,趋势强势,2.1,,,
20260716,000002.SZ,万科A,93.5,趋势强势|平台突破,3.23,,,
20260716,300158.SZ,振东制药,93.3,趋势强势,5.25,,,
20260716,300532.SZ,今天国际,93.3,趋势强势,7.51,,,
20260716,000516.SZ,国际医学,93.2,趋势强势,4.41,,,
20260716,000788.SZ,北大医药,93.2,趋势强势,5.6,,,
20260716,601168.SH,西部矿业,93.1,趋势强势,33.84,,,
20260716,600987.SH,航民股份,93.0,趋势强势|平台突破,6.66,,,
20260716,000989.SZ,九芝堂,92.9,趋势强势,9.66,,,
20260716,300244.SZ,迪安诊断,92.6,趋势强势,21.18,,,
20260716,300888.SZ,稳健医疗,92.6,趋势强势|平台突破,30.7,,,
20260716,300194.SZ,福安药业,92.5,趋势强势,3.89,,,
20260716,300298.SZ,三诺生物,92.5,趋势强势,15.95,,,
20260716,000596.SZ,古井贡酒,92.4,趋势强势|平台突破,90.62,,,
20260716,000735.SZ,罗牛山,92.3,趋势强势,5.11,,,
20260716,002532.SZ,天山铝业,92.3,趋势强势,12.61,,,
20260716,688687.SH,凯因科技,92.3,趋势强势|平台突破,17.8,,,
20260716,002780.SZ,三夫户外,92.2,趋势强势,13.46,,,
20260716,000813.SZ,德展健康,92.1,趋势强势,3.51,,,
20260716,002022.SZ,科华生物,92.1,趋势强势,5.31,,,
20260716,600252.SH,中恒集团,92.1,趋势强势,2.26,,,
20260716,600812.SH,华北制药,91.9,趋势强势,5.07,,,
20260716,600901.SH,江苏金租,91.9,趋势强势,6.35,,,
20260716,300347.SZ,泰格医药,91.6,趋势强势,53.99,,,
20260716,600062.SH,华润双鹤,91.6,趋势强势|平台突破,17.5,,,
20260716,000798.SZ,中水渔业,91.4,趋势强势,7.9,,,
20260716,603392.SH,万泰生物,91.4,趋势强势|平台突破,29.9,,,
20260716,000650.SZ,仁和药业,91.3,趋势强势,5.66,,,
20260716,600161.SH,天坛生物,91.3,趋势强势|平台突破,12.95,,,
20260716,300498.SZ,温氏股份,91.2,趋势强势|平台突破,14.22,,,
20260716,688765.SH,禾元生物,91.1,趋势强势,55.0,,,
20260716,603896.SH,寿仙谷,91.0,趋势强势,15.6,,,
20260716,603486.SH,科沃斯,90.9,趋势强势|平台突破,55.66,,,
20260716,689009.SH,九号公司,90.9,趋势强势|平台突破,41.05,,,
20260716,920230.BJ,欧康医药,90.9,趋势强势,12.07,,,
20260716,000848.SZ,承德露露,90.8,趋势强势,8.46,,,
20260716,002103.SZ,广博股份,90.8,趋势强势,6.29,,,
20260716,002393.SZ,力生制药,90.8,趋势强势|平台突破,15.46,,,
20260716,000888.SZ,峨眉山A,90.7,趋势强势,9.9,,,
20260716,002589.SZ,瑞康医药,90.7,趋势强势,2.85,,,
20260716,300451.SZ,创业慧康,90.7,趋势强势,3.56,,,
20260716,600988.SH,赤峰黄金,90.7,趋势强势,34.62,,,
20260716,920735.BJ,德源药业,90.6,趋势强势,29.11,,,
20260716,300171.SZ,东富龙,90.5,趋势强势,12.5,,,
20260716,600073.SH,光明肉业,90.5,趋势强势|平台突破,5.3,,,
20260716,600511.SH,国药股份,90.5,趋势强势|平台突破,28.13,,,
20260716,600867.SH,通化东宝,90.4,趋势强势,8.58,,,
20260716,603345.SH,安井食品,90.4,趋势强势,88.9,,,
20260716,300972.SZ,万辰集团,90.3,趋势强势,206.99,,,
20260716,600327.SH,大东方,90.2,趋势强势,3.67,,,
20260716,002107.SZ,沃华医药,90.1,趋势强势,6.7,,,
20260716,600197.SH,伊力特,90.0,趋势强势|平台突破,10.34,,,
20260716,601949.SH,中国出版,90.0,趋势强势|平台突破,5.18,,,
20260716,300294.SZ,博雅生物,89.8,趋势强势,16.21,,,
20260716,603658.SH,安图生物,89.7,趋势强势|平台突破,33.11,,,
20260716,688111.SH,金山办公,89.7,趋势强势,238.12,,,
20260716,300086.SZ,康芝药业,89.6,趋势强势,6.81,,,
20260716,600604.SH,市北高新,89.6,趋势强势|平台突破,4.33,,,
20260716,600763.SH,通策医疗,89.6,趋势强势|平台突破,36.64,,,
20260716,688278.SH,特宝生物,89.6,趋势强势|平台突破,60.29,,,
20260716,002162.SZ,悦心健康,89.5,趋势强势,3.89,,,
20260716,600116.SH,三峡水利,89.5,趋势强势,6.15,,,
20260716,603214.SH,爱婴室,89.4,趋势强势,13.17,,,
20260716,002292.SZ,奥飞娱乐,89.3,趋势强势,7.81,,,
20260716,603590.SH,康辰药业,89.3,趋势强势,37.6,,,
20260716,603466.SH,风语筑,89.2,趋势强势,12.34,,,
20260716,300110.SZ,华仁药业,89.1,趋势强势,2.84,,,
20260716,688553.SH,汇宇制药,89.1,趋势强势,13.28,,,
20260716,000552.SZ,甘肃能化,88.9,趋势强势,2.49,,,
20260716,603288.SH,海天味业,88.9,趋势强势|平台突破,36.32,,,
20260716,300454.SZ,深信服,88.8,趋势强势,112.6,,,
20260716,600398.SH,海澜之家,88.8,趋势强势,5.93,,,
20260716,688101.SH,三达膜,88.8,趋势强势,18.65,,,
20260716,688759.SH,必贝特,88.8,趋势强势,36.39,,,
20260716,002905.SZ,金逸影视,88.7,趋势强势|平台突破,7.79,,,
20260716,601333.SH,广深铁路,88.7,趋势强势,3.0,,,
20260716,603367.SH,辰欣药业,88.7,趋势强势,15.67,,,
20260716,002275.SZ,桂林三金,88.6,趋势强势|平台突破,13.77,,,
20260716,600199.SH,金种子酒,88.6,平台突破,7.29,,,
20260716,600518.SH,康美药业,88.6,趋势强势,1.45,,,
20260716,600886.SH,国投电力,88.6,趋势强势,14.49,,,
20260716,000513.SZ,丽珠集团,88.5,趋势强势|平台突破,31.49,,,
20260716,603368.SH,柳药集团,88.5,趋势强势|平台突破,16.01,,,
20260715,002107.SZ,沃华医药,116.5,趋势强势|平台突破,6.95,-3.597,,
20260715,002412.SZ,汉森制药,115.7,趋势强势|平台突破,6.81,-1.322,,
20260715,000989.SZ,九芝堂,115.6,趋势强势|平台突破,9.99,-3.303,,
20260715,601339.SH,百隆东方,114.6,趋势强势|平台突破,8.29,-3.739,,
20260715,002582.SZ,好想你,114.2,趋势强势|平台突破,9.76,-2.459,,
20260715,002923.SZ,润都股份,113.8,趋势强势|平台突破,11.81,0.169,,
20260715,600267.SH,海正药业,112.3,趋势强势|平台突破,11.98,0.083,,
20260715,300434.SZ,金石亚药,112.0,趋势强势|平台突破,12.44,-5.064,,
20260715,002390.SZ,信邦制药,110.5,趋势强势|平台突破,3.07,2.28,,
20260715,300105.SZ,龙源技术,109.9,趋势强势|平台突破,8.66,-3.349,,
20260715,000554.SZ,泰山石油,109.8,趋势强势|平台突破,6.54,-3.976,,
20260715,002693.SZ,双成药业,109.7,趋势强势,10.96,-4.015,,
20260715,301060.SZ,兰卫医学,109.5,趋势强势|平台突破,9.57,-0.313,,
20260715,600971.SH,恒源煤电,109.1,趋势强势|平台突破,7.93,-1.009,,
20260715,002793.SZ,罗欣药业,108.8,趋势强势,4.91,-0.611,,
20260715,300519.SZ,新光药业,108.6,趋势强势|平台突破,14.15,3.322,,
20260715,600351.SH,亚宝药业,107.7,趋势强势|平台突破,6.72,1.19,,
20260715,002603.SZ,以岭药业,107.6,趋势强势|平台突破,17.44,-0.344,,
20260715,300026.SZ,红日药业,107.3,趋势强势|平台突破,3.43,0.0,,
20260715,601002.SH,晋亿实业,106.3,趋势强势,4.99,-4.208,,
20260715,300016.SZ,北陆药业,106.1,趋势强势|平台突破,8.6,-0.465,,
20260715,920478.BJ,峆一药业,105.8,趋势强势|平台突破,12.57,10.183,,
20260715,000788.SZ,北大医药,105.6,趋势强势|平台突破,5.6,0.0,,
20260715,688321.SH,微芯生物,105.6,趋势强势|平台突破,31.78,-3.461,,
20260715,000919.SZ,金陵药业,105.5,趋势强势|平台突破,6.5,0.154,,
20260715,600572.SH,康恩贝,105.0,趋势强势|平台突破,4.36,1.147,,
20260715,920566.BJ,梓橦宫,105.0,趋势强势|平台突破,10.6,1.038,,
20260715,600595.SH,中孚实业,104.8,趋势强势,6.46,-4.025,,
20260715,300601.SZ,康泰生物,104.6,趋势强势|平台突破,12.67,1.421,,
20260715,603162.SH,海通发展,104.6,趋势强势,11.24,-8.096,,
20260715,301230.SZ,泓博医药,104.4,趋势强势|平台突破,42.15,-18.553,,
20260715,603998.SH,方盛制药,104.4,趋势强势|平台突破,10.17,-0.393,,
20260715,002550.SZ,千红制药,104.3,趋势强势|平台突破,7.22,-1.801,,
20260715,301333.SZ,诺思格,104.2,趋势强势|平台突破,58.29,1.973,,
20260715,603456.SH,九洲药业,104.2,趋势强势|平台突破,15.89,0.881,,
20260715,002162.SZ,悦心健康,104.1,趋势强势|平台突破,3.91,-0.512,,
20260715,600594.SH,益佰制药,104.1,趋势强势|平台突破,3.49,3.438,,
20260715,300532.SZ,今天国际,103.7,趋势强势|平台突破,7.32,2.596,,
20260715,300347.SZ,泰格医药,103.6,趋势强势|平台突破,51.9,4.027,,
20260715,002349.SZ,精华制药,103.4,趋势强势|平台突破,6.91,1.447,,
20260715,301100.SZ,风光股份,103.4,趋势强势|平台突破,17.5,2.114,,
20260715,603367.SH,辰欣药业,103.0,趋势强势|平台突破,15.73,-0.381,,
20260715,603345.SH,安井食品,102.9,趋势强势|平台突破,90.05,-1.277,,
20260715,600867.SH,通化东宝,102.8,趋势强势|平台突破,8.6,-0.233,,
20260715,002901.SZ,大博医疗,102.4,趋势强势|平台突破,48.23,-1.12,,
20260715,601918.SH,新集能源,102.4,趋势强势|平台突破,10.21,-4.505,,
20260715,300194.SZ,福安药业,102.3,趋势强势|平台突破,3.84,1.302,,
20260715,688617.SH,惠泰医疗,102.1,趋势强势|平台突破,213.0,-1.408,,
20260715,300404.SZ,博济医药,102.0,趋势强势|平台突破,10.25,5.268,,
20260715,301381.SZ,赛维时代,101.9,趋势强势|平台突破,21.5,-2.977,,
20260715,600535.SH,天士力,101.4,趋势强势|平台突破,15.29,4.186,,
20260715,301015.SZ,百洋医药,101.3,趋势强势|平台突破,23.94,-0.877,,
20260715,688222.SH,成都先导,101.1,趋势强势,36.58,-9.841,,
20260715,000950.SZ,重药控股,101.0,趋势强势|平台突破,5.59,0.894,,
20260715,300039.SZ,上海凯宝,101.0,趋势强势,5.35,5.607,,
20260715,605090.SH,九丰能源,101.0,趋势强势|平台突破,41.6,-9.087,,
20260715,301665.SZ,泰禾股份,100.9,趋势强势|平台突破,25.13,-3.701,,
20260715,000739.SZ,普洛药业,100.8,趋势强势|平台突破,20.47,2.589,,
20260715,000716.SZ,黑芝麻,100.7,趋势强势,4.6,-0.217,,
20260715,002589.SZ,瑞康医药,100.6,趋势强势|平台突破,2.83,0.707,,
20260715,002839.SZ,张家港行,100.6,趋势强势|平台突破,4.33,-0.231,,
20260715,600479.SH,千金药业,100.6,趋势强势|平台突破,10.04,0.996,,
20260715,300009.SZ,安科生物,100.3,趋势强势|平台突破,8.78,-0.911,,
20260715,688505.SH,复旦张江,100.2,趋势强势|平台突破,8.07,-1.239,,
20260715,688575.SH,亚辉龙,100.2,趋势强势|平台突破,9.53,2.204,,
20260715,002292.SZ,奥飞娱乐,100.1,趋势强势,7.95,-1.761,,
20260715,603501.SH,豪威集团,100.1,趋势强势|平台突破,111.12,-1.143,,
20260715,603590.SH,康辰药业,100.1,趋势强势|平台突破,36.86,2.008,,
20260715,002172.SZ,澳洋健康,100.0,趋势强势|平台突破,3.19,3.135,,
20260715,300110.SZ,华仁药业,100.0,趋势强势|平台突破,2.82,0.709,,
20260715,300363.SZ,博腾股份,100.0,趋势强势,18.86,-0.53,,
20260715,000779.SZ,甘咨询,99.9,趋势强势,11.18,-0.537,,
20260715,002511.SZ,中顺洁柔,99.9,趋势强势|平台突破,7.25,0.276,,
20260715,002728.SZ,特一药业,99.6,趋势强势,10.19,0.785,,
20260715,300181.SZ,佐力药业,99.6,趋势强势|平台突破,15.07,-2.19,,
20260715,688265.SH,南模生物,99.6,趋势强势|平台突破,40.4,-2.871,,
20260715,600812.SH,华北制药,99.3,趋势强势|平台突破,4.97,2.012,,
20260715,002332.SZ,仙琚制药,99.2,趋势强势|平台突破,8.71,1.148,,
20260715,300171.SZ,东富龙,99.2,趋势强势|平台突破,12.43,0.563,,
20260715,300972.SZ,万辰集团,99.2,趋势强势|平台突破,206.03,0.466,,
20260715,002250.SZ,联化科技,99.1,平台突破,16.26,-0.554,,
20260715,300929.SZ,华骐环保,99.1,趋势强势|平台突破,15.0,2.867,,
20260715,300705.SZ,九典制药,98.9,趋势强势|平台突破,11.19,2.413,,
20260715,002697.SZ,红旗连锁,98.8,趋势强势|平台突破,4.66,0.644,,
20260715,600116.SH,三峡水利,98.8,趋势强势,6.2,-0.806,,
20260715,300142.SZ,沃森生物,98.7,趋势强势,13.79,1.45,,
20260715,600380.SH,健康元,98.6,趋势强势|平台突破,10.52,1.141,,
20260715,300639.SZ,凯普生物,98.5,趋势强势,5.57,0.0,,
20260715,600276.SH,恒瑞医药,98.5,趋势强势|平台突破,57.5,-2.626,,
20260715,600327.SH,大东方,98.2,趋势强势|平台突破,3.6,1.944,,
20260715,601168.SH,西部矿业,98.1,趋势强势,33.18,1.989,,
20260715,002958.SZ,青农商行,98.0,趋势强势|平台突破,2.95,0.678,,
20260715,000563.SZ,陕国投A,97.8,趋势强势|平台突破,3.02,0.331,,
20260715,000990.SZ,诚志股份,97.7,趋势强势,9.56,0.0,,
20260715,002546.SZ,新联电子,97.7,趋势强势,8.52,-8.451,,
20260715,000552.SZ,甘肃能化,97.6,趋势强势,2.52,-1.19,,
20260715,002746.SZ,仙坛股份,97.6,趋势强势,5.87,2.385,,
20260715,002437.SZ,誉衡药业,97.4,趋势强势,3.14,0.955,,
20260715,301126.SZ,达嘉维康,97.2,趋势强势,9.56,1.046,,
20260715,600252.SH,中恒集团,97.2,趋势强势,2.19,3.196,,
20260715,002644.SZ,佛慈制药,97.0,趋势强势|平台突破,7.86,1.527,,
20260715,002004.SZ,华邦健康,96.9,趋势强势|平台突破,4.43,-0.226,,
20260715,600056.SH,中国医药,96.9,趋势强势|平台突破,9.64,1.452,,
20260715,300642.SZ,透景生命,96.4,趋势强势|平台突破,13.37,1.72,,
20260715,300015.SZ,爱尔眼科,96.3,趋势强势|平台突破,8.88,1.464,,
20260715,300030.SZ,阳普医疗,96.3,趋势强势,6.49,2.773,,
20260715,002567.SZ,唐人神,96.2,趋势强势|平台突破,3.76,1.33,,
20260715,002727.SZ,一心堂,96.1,趋势强势,11.15,3.408,,
20260715,002873.SZ,新天药业,96.1,趋势强势|平台突破,8.17,3.182,,
20260715,301109.SZ,军信股份,96.1,趋势强势|平台突破,13.99,-1.358,,
20260715,601375.SH,中原证券,96.1,趋势强势,4.16,-0.721,,
20260715,601995.SH,中金公司,96.1,趋势强势|平台突破,38.34,-4.93,,
20260715,600613.SH,神奇制药,96.0,趋势强势|平台突破,5.11,1.37,,
20260715,000597.SZ,东北制药,95.8,趋势强势|平台突破,4.8,2.083,,
20260715,002262.SZ,恩华药业,95.7,趋势强势|平台突破,21.25,0.894,,
20260715,300628.SZ,亿联网络,95.7,趋势强势|平台突破,37.49,-1.84,,
20260715,688029.SH,南微医学,95.7,趋势强势|平台突破,78.97,-1.228,,
20260715,688373.SH,盟科药业,95.7,趋势强势,5.39,2.226,,
20260715,002541.SZ,鸿路钢构,95.5,趋势强势,20.96,-2.481,,
20260715,601019.SH,山东出版,95.2,趋势强势|平台突破,7.16,1.536,,
20260715,000153.SZ,丰原药业,95.1,趋势强势|平台突破,5.7,1.579,,
20260715,300298.SZ,三诺生物,95.1,趋势强势,15.62,2.113,,
20260715,600713.SH,南京医药,95.1,趋势强势|平台突破,5.41,-0.555,,
20260715,002867.SZ,周大生,95.0,趋势强势|平台突破,12.41,2.579,,
20260715,600017.SH,日照港,95.0,趋势强势|平台突破,2.72,0.0,,
20260715,600272.SH,开开实业,94.9,趋势强势|平台突破,11.41,1.578,,
20260715,002399.SZ,海普瑞,94.8,趋势强势|平台突破,10.11,2.473,,
20260715,300369.SZ,绿盟科技,94.8,趋势强势,7.48,-8.69,,
20260715,600196.SH,复星医药,94.8,趋势强势|平台突破,24.84,-0.523,,
20260715,000759.SZ,中百集团,94.6,趋势强势,6.87,-3.057,,
20260715,300685.SZ,艾德生物,94.5,趋势强势|平台突破,18.57,0.969,,
20260715,002563.SZ,森马服饰,94.3,趋势强势,5.67,-1.235,,
20260715,603233.SH,大参林,94.3,趋势强势,19.25,0.0,,
20260715,603883.SH,老百姓,94.3,趋势强势|平台突破,12.33,1.379,,
20260715,002019.SZ,亿帆医药,94.2,趋势强势|平台突破,10.46,4.685,,
20260715,920433.BJ,大唐药业,94.1,趋势强势,5.12,5.469,,
20260715,000902.SZ,新洋丰,94.0,趋势强势,13.06,-0.842,,
20260715,002128.SZ,电投能源,94.0,趋势强势,26.51,-2.112,,
20260715,000999.SZ,华润三九,93.9,趋势强势|平台突破,25.2,2.54,,
20260715,002832.SZ,比音勒芬,93.4,趋势强势,22.11,-1.9,,
20260715,301301.SZ,川宁生物,93.2,趋势强势,8.76,1.484,,
20260715,002007.SZ,华兰生物,93.1,趋势强势|平台突破,13.32,2.553,,
20260715,601059.SH,信达证券,93.1,趋势强势|平台突破,17.23,-2.205,,
20260715,000516.SZ,国际医学,93.0,趋势强势,4.36,1.147,,
20260715,002807.SZ,江阴银行,92.9,趋势强势,4.01,-0.748,,
20260715,002907.SZ,华森制药,92.9,趋势强势,15.11,-3.905,,
20260715,600354.SH,敦煌种业,92.8,趋势强势|平台突破,5.59,1.61,,
20260715,600782.SH,新钢股份,92.6,趋势强势|平台突破,2.77,2.527,,
20260715,002127.SZ,南极电商,92.5,趋势强势|平台突破,2.94,9.864,,
20260715,002481.SZ,双塔食品,92.5,趋势强势|平台突破,4.22,1.185,,
20260715,600887.SH,伊利股份,92.5,趋势强势|平台突破,25.93,0.386,,
20260715,000963.SZ,华东医药,92.4,趋势强势|平台突破,31.43,1.686,,
20260715,300783.SZ,三只松鼠,92.4,趋势强势,17.16,0.583,,
20260715,920230.BJ,欧康医药,92.4,趋势强势,11.79,2.375,,
20260715,600557.SH,康缘药业,92.3,趋势强势,13.28,2.636,,
20260715,002853.SZ,皮阿诺,92.2,趋势强势,24.19,-9.012,,
20260715,600211.SH,西藏药业,92.0,趋势强势|平台突破,40.07,0.948,,
20260715,601607.SH,上海医药,92.0,趋势强势|平台突破,16.87,1.008,,
20260715,000848.SZ,承德露露,91.9,趋势强势,8.46,0.0,,
20260715,002737.SZ,葵花药业,91.9,趋势强势,13.44,2.753,,
20260715,601377.SH,兴业证券,91.9,趋势强势,6.21,-0.644,,
20260715,688111.SH,金山办公,91.9,趋势强势,236.71,0.596,,
20260715,920275.BJ,驱动力,91.9,趋势强势,7.18,-8.496,,
20260715,300158.SZ,振东制药,91.7,趋势强势,5.2,0.962,,
20260715,603259.SH,药明康德,91.6,趋势强势|平台突破,131.5,-3.422,,
20260715,000756.SZ,新华制药,91.5,趋势强势,15.17,-1.384,,
20260715,300138.SZ,晨光生物,91.5,趋势强势|平台突破,10.3,0.68,,
20260715,600279.SH,重庆港,91.5,趋势强势,4.18,0.239,,
20260715,600507.SH,方大特钢,91.5,趋势强势|平台突破,4.37,-1.144,,
20260715,688315.SH,诺禾致源,91.5,趋势强势|平台突破,13.88,-0.072,,
20260715,002507.SZ,涪陵榨菜,91.4,趋势强势,11.53,0.434,,
20260715,300683.SZ,海特生物,91.4,平台突破,29.5,4.407,,
20260715,601198.SH,东兴证券,91.4,趋势强势|平台突破,14.29,-2.379,,
20260715,603309.SH,维力医疗,91.4,趋势强势|平台突破,12.36,1.052,,
20260715,603707.SH,健友股份,91.4,趋势强势,7.99,3.63,,
20260715,000651.SZ,格力电器,91.3,趋势强势|平台突破,39.83,0.0,,
20260715,600022.SH,山东钢铁,91.3,趋势强势|平台突破,1.35,-1.481,,
20260715,603682.SH,锦和商管,91.2,趋势强势,9.07,-4.3,,
20260715,603866.SH,桃李面包,91.1,趋势强势,4.14,0.725,,
20260715,605296.SH,神农集团,91.1,趋势强势|平台突破,30.7,3.388,,
20260715,601000.SH,唐山港,90.9,趋势强势,4.36,-0.459,,
20260715,601900.SH,南方传媒,90.9,趋势强势|平台突破,11.82,1.1,,
20260715,600918.SH,中泰证券,90.8,趋势强势,5.71,0.175,,
20260715,688197.SH,首药控股,90.8,趋势强势,43.36,-4.843,,
20260715,000538.SZ,云南白药,90.7,趋势强势|平台突破,50.8,2.579,,
20260715,600511.SH,国药股份,90.6,趋势强势|平台突破,28.0,0.464,,
20260715,688289.SH,圣湘生物,90.6,趋势强势|平台突破,15.83,0.505,,
20260715,002376.SZ,新北洋,90.5,趋势强势,6.21,-1.932,,
20260715,000089.SZ,深圳机场,90.4,平台突破,6.57,0.913,,
20260715,000860.SZ,顺鑫农业,90.4,趋势强势|平台突破,10.89,1.928,,
20260715,600332.SH,白云山,90.4,趋势强势|平台突破,22.44,0.98,,
20260715,600866.SH,星湖科技,90.4,趋势强势|平台突破,4.87,3.491,,
20260715,603198.SH,迎驾贡酒,90.4,趋势强势|平台突破,33.82,3.726,,
20260715,002274.SZ,华昌化工,90.3,趋势强势|缩量回踩,5.59,-3.041,,
20260715,600839.SH,四川长虹,90.3,趋势强势,7.44,-1.747,,
20260715,600597.SH,光明乳业,90.1,趋势强势|平台突破,6.78,1.622,,
20260715,301211.SZ,亨迪药业,90.0,趋势强势,12.59,-0.953,,
20260715,300654.SZ,世纪天鸿,89.8,趋势强势,10.98,3.461,,
20260715,600018.SH,上港集团,89.8,趋势强势,5.24,-1.336,,
20260715,000650.SZ,仁和药业,89.7,趋势强势,5.6,1.071,,
20260714,300404.SZ,博济医药,116.0,趋势强势|平台突破,9.94,3.119,,
20260714,002038.SZ,双鹭药业,110.4,趋势强势|平台突破,7.05,-5.106,,
20260714,002390.SZ,信邦制药,108.7,趋势强势|平台突破,2.98,3.02,,
20260714,300039.SZ,上海凯宝,108.4,趋势强势|平台突破,5.38,-0.558,,
20260714,300725.SZ,药石科技,107.0,趋势强势|平台突破,41.0,0.0,,
20260714,002123.SZ,梦网科技,106.7,趋势强势|平台突破,9.48,-10.021,,
20260714,002603.SZ,以岭药业,106.2,趋势强势|平台突破,17.15,1.691,,
20260714,600513.SH,联环药业,106.0,趋势强势|平台突破,17.82,7.464,,
20260714,300929.SZ,华骐环保,105.9,趋势强势|平台突破,14.56,3.022,,
20260714,301080.SZ,百普赛斯,105.9,趋势强势|平台突破,53.31,1.069,,
20260714,003030.SZ,祖名股份,105.7,趋势强势|平台突破,25.97,-3.812,,
20260714,000919.SZ,金陵药业,105.2,趋势强势|平台突破,6.37,2.041,,
20260714,688293.SH,奥浦迈,105.2,趋势强势|平台突破,51.0,5.784,,
20260714,600267.SH,海正药业,104.8,趋势强势,11.59,3.365,,
20260714,002349.SZ,精华制药,104.5,趋势强势|平台突破,6.82,1.32,,
20260714,600252.SH,中恒集团,104.1,趋势强势|平台突破,2.19,0.0,,
20260714,600351.SH,亚宝药业,103.8,趋势强势|平台突破,6.54,2.752,,
20260714,301584.SZ,建发致新,103.7,趋势强势|平台突破,24.5,-0.735,,
20260714,300990.SZ,同飞股份,103.5,趋势强势|平台突破,120.41,-5.473,,
20260714,000848.SZ,承德露露,103.0,趋势强势|平台突破,8.33,1.561,,
20260714,600572.SH,康恩贝,103.0,趋势强势|平台突破,4.25,2.588,,
20260714,002737.SZ,葵花药业,102.8,趋势强势|平台突破,13.12,2.439,,
20260714,002746.SZ,仙坛股份,102.7,趋势强势,5.73,2.443,,
20260714,600368.SH,五洲交通,102.5,趋势强势|平台突破,3.84,-0.26,,
20260714,001378.SZ,德冠新材,102.2,趋势强势,21.29,-3.241,,
20260714,603162.SH,海通发展,102.1,趋势强势,10.74,4.655,,
20260714,600018.SH,上港集团,102.0,趋势强势|平台突破,5.19,0.963,,
20260714,603127.SH,昭衍新药,101.7,趋势强势,46.02,9.996,,
20260714,603233.SH,大参林,101.7,趋势强势|平台突破,19.68,-2.185,,
20260714,603590.SH,康辰药业,101.5,趋势强势|平台突破,35.96,2.503,,
20260714,600676.SH,交运股份,101.4,趋势强势|平台突破,7.22,-0.277,,
20260714,600998.SH,九州通,101.0,趋势强势|平台突破,5.21,-0.96,,
20260714,601339.SH,百隆东方,100.9,趋势强势,7.79,6.418,,
20260714,603087.SH,甘李药业,100.9,趋势强势|平台突破,70.0,-0.443,,
20260714,603707.SH,健友股份,100.9,趋势强势|平台突破,7.85,1.783,,
20260714,000989.SZ,九芝堂,100.8,趋势强势|平台突破,9.47,5.491,,
20260714,300026.SZ,红日药业,100.1,趋势强势,3.33,3.003,,
20260714,002479.SZ,富春环保,100.0,趋势强势,5.07,-1.183,,
20260714,300654.SZ,世纪天鸿,99.6,趋势强势,10.82,1.479,,
20260714,600713.SH,南京医药,99.4,趋势强势|平台突破,5.38,0.558,,
20260714,002563.SZ,森马服饰,98.9,趋势强势,5.74,-1.22,,
20260714,000739.SZ,普洛药业,98.7,趋势强势|平台突破,19.09,7.229,,
20260714,002317.SZ,众生药业,98.6,趋势强势,31.15,6.87,,
20260714,600272.SH,开开实业,98.5,趋势强势|平台突破,11.3,0.973,,
20260714,300009.SZ,安科生物,98.3,趋势强势|平台突破,8.59,2.212,,
20260714,000650.SZ,仁和药业,97.9,趋势强势|平台突破,5.45,2.752,,
20260714,600812.SH,华北制药,97.8,趋势强势|平台突破,4.82,3.112,,
20260714,600535.SH,天士力,97.7,趋势强势|平台突破,14.59,4.798,,
20260714,603815.SH,交建股份,97.7,趋势强势,6.92,-5.058,,
20260714,000516.SZ,国际医学,97.5,趋势强势,4.22,3.318,,
20260714,000059.SZ,华锦股份,97.2,趋势强势,4.42,0.452,,
20260714,600300.SH,维维股份,97.2,趋势强势,3.08,1.623,,
20260714,002511.SZ,中顺洁柔,96.8,趋势强势|平台突破,7.13,1.683,,
20260714,600028.SH,中国石化,96.8,趋势强势|平台突破,5.03,0.0,,
20260714,600988.SH,赤峰黄金,96.8,趋势强势,34.95,-4.435,,
20260714,600236.SH,桂冠电力,96.6,趋势强势,9.93,0.705,,
20260714,300194.SZ,福安药业,96.5,趋势强势|平台突破,3.75,2.4,,
20260714,301207.SZ,华兰疫苗,96.4,趋势强势|平台突破,17.88,-0.336,,
20260714,300318.SZ,博晖创新,96.3,趋势强势|平台突破,4.83,0.621,,
20260714,600056.SH,中国医药,96.3,趋势强势|平台突破,9.5,1.474,,
20260714,000597.SZ,东北制药,95.9,趋势强势|平台突破,4.72,1.695,,
20260714,600380.SH,健康元,95.9,趋势强势|平台突破,10.26,2.534,,
20260714,000948.SZ,南天信息,95.8,趋势强势,13.9,-2.59,,
20260714,600594.SH,益佰制药,95.0,趋势强势,3.47,0.576,,
20260714,600771.SH,广誉远,95.0,趋势强势,15.1,1.325,,
20260714,301109.SZ,军信股份,93.9,趋势强势|平台突破,13.7,2.117,,
20260714,002550.SZ,千红制药,93.7,趋势强势,7.02,2.849,,
20260714,002287.SZ,奇正藏药,93.6,趋势强势|平台突破,21.21,1.132,,
20260714,300181.SZ,佐力药业,93.4,平台突破,14.87,1.345,,
20260714,000990.SZ,诚志股份,92.9,趋势强势,9.16,4.367,,
20260714,600422.SH,昆药集团,92.8,趋势强势|平台突破,8.91,-0.786,,
20260714,002697.SZ,红旗连锁,92.7,趋势强势,4.57,1.969,,
20260714,002907.SZ,华森制药,92.3,趋势强势,14.52,4.063,,
20260714,600557.SH,康缘药业,92.3,趋势强势,12.96,2.469,,
20260714,002007.SZ,华兰生物,92.2,趋势强势|平台突破,13.1,1.679,,
20260714,301665.SZ,泰禾股份,92.2,趋势强势|缩量回踩,24.12,4.187,,
20260714,600015.SH,华夏银行,92.0,趋势强势,6.93,0.722,,
20260714,002481.SZ,双塔食品,91.9,趋势强势,4.16,1.442,,
20260714,301060.SZ,兰卫医学,91.9,平台突破,9.15,4.59,,
20260714,002303.SZ,美盈森,91.5,趋势强势,4.55,10.11,,
20260714,301047.SZ,义翘神州,91.5,趋势强势,72.5,0.772,,
20260714,600436.SH,片仔癀,91.5,趋势强势|平台突破,126.62,1.343,,
20260714,002329.SZ,皇氏集团,91.2,趋势强势,3.48,-0.575,,
20260714,002541.SZ,鸿路钢构,91.2,趋势强势,19.62,6.83,,
20260714,600285.SH,羚锐制药,91.2,趋势强势,22.7,0.969,,
20260714,601000.SH,唐山港,91.1,趋势强势,4.33,0.693,,
20260714,000900.SZ,现代投资,91.0,趋势强势|平台突破,3.71,1.078,,
20260714,920020.BJ,泰凯英,91.0,趋势强势|平台突破,16.89,-2.072,,
20260714,002923.SZ,润都股份,90.9,趋势强势,11.04,6.975,,
20260714,002589.SZ,瑞康医药,90.6,趋势强势,2.74,3.285,,
20260714,002901.SZ,大博医疗,90.6,趋势强势,46.79,3.078,,
20260714,600613.SH,神奇制药,90.5,趋势强势,4.99,2.405,,
20260714,601333.SH,广深铁路,90.3,趋势强势,2.98,0.671,,
20260714,688238.SH,和元生物,90.2,趋势强势,6.67,1.949,,
20260714,000999.SZ,华润三九,90.1,趋势强势|平台突破,24.88,1.286,,
20260714,300069.SZ,金利华电,90.1,趋势强势,40.16,-4.631,,
20260714,603882.SH,金域医学,90.0,趋势强势|平台突破,27.0,3.852,,
20260714,600674.SH,川投能源,89.8,趋势强势,15.3,2.092,,
20260714,001872.SZ,招商港口,89.6,趋势强势|平台突破,21.7,-3.041,,
20260714,605007.SH,五洲特纸,89.6,趋势强势,15.4,1.883,,
20260714,002235.SZ,安妮股份,89.5,趋势强势,9.47,-0.634,,
20260714,600288.SH,大恒科技,89.5,趋势强势,17.18,-10.012,,
20260714,600521.SH,华海药业,89.3,趋势强势,16.97,-0.471,,
20260714,601607.SH,上海医药,89.2,趋势强势|平台突破,16.61,1.565,,
20260714,603329.SH,上海雅仕,89.2,趋势强势,10.01,0.999,,
20260714,603998.SH,方盛制药,89.2,趋势强势,9.88,2.935,,
20260714,000651.SZ,格力电器,89.0,趋势强势|平台突破,39.18,1.659,,
20260714,002728.SZ,特一药业,89.0,趋势强势,9.93,2.618,,
20260714,600479.SH,千金药业,89.0,趋势强势,9.83,2.136,,
20260714,600882.SH,妙可蓝多,88.9,趋势强势,20.52,0.0,,
20260714,688505.SH,复旦张江,88.9,平台突破,7.98,1.128,,
20260714,000716.SZ,黑芝麻,88.6,趋势强势,4.55,1.099,,
20260714,000779.SZ,甘咨询,88.6,趋势强势,10.61,5.372,,
20260714,600017.SH,日照港,88.6,趋势强势,2.68,1.493,,
20260714,002219.SZ,新里程,88.4,趋势强势,2.0,1.0,,
20260714,000813.SZ,德展健康,88.2,趋势强势,3.37,2.374,,
20260714,600332.SH,白云山,88.1,趋势强势|平台突破,22.06,1.723,,
20260714,002262.SZ,恩华药业,87.9,趋势强势,20.57,3.306,,
20260714,688138.SH,清溢光电,87.9,趋势强势,48.16,-14.244,,
20260714,600536.SH,中国软件,87.8,趋势强势,31.5,-0.063,,
20260714,601162.SH,天风证券,87.2,趋势强势,3.84,2.083,,
20260714,000788.SZ,北大医药,87.0,趋势强势,5.43,3.131,,
20260714,600673.SH,东阳光,86.9,趋势强势,38.75,-2.942,,
20260714,000552.SZ,甘肃能化,86.7,趋势强势,2.47,2.024,,
20260714,600323.SH,瀚蓝环境,86.7,趋势强势,29.99,1.034,,
20260714,300171.SZ,东富龙,86.5,平台突破,12.07,2.983,,
20260714,300601.SZ,康泰生物,86.5,平台突破,12.21,3.767,,
20260714,688802.SH,沐曦股份,86.5,趋势强势,974.98,-11.374,,
20260714,600756.SH,浪潮软件,86.2,趋势强势,14.35,-1.533,,
20260714,600327.SH,大东方,86.1,趋势强势,3.49,3.152,,
20260714,003033.SZ,征和工业,86.0,趋势强势,71.0,-1.408,,
20260714,600333.SH,长春燃气,85.9,趋势强势,5.63,-1.243,,
20260714,601827.SH,三峰环境,85.9,趋势强势,7.91,-1.138,,
20260714,605208.SH,永茂泰,85.9,趋势强势,19.31,-1.916,,
20260714,688050.SH,爱博医疗,85.9,趋势强势,42.88,-1.213,,
20260714,300439.SZ,美康生物,85.8,趋势强势|平台突破,8.77,1.71,,
20260714,688222.SH,成都先导,85.8,趋势强势,35.52,2.984,,
20260714,000518.SZ,四环生物,85.7,趋势强势|缩量回踩,3.94,-0.254,,
20260714,300434.SZ,金石亚药,85.7,趋势强势,11.85,4.979,,
20260714,300640.SZ,德艺文创,85.5,趋势强势,6.28,-2.229,,
20260714,603991.SH,领先股份,85.5,趋势强势,164.73,-9.998,,
20260714,600750.SH,华润江中,85.3,趋势强势,24.77,2.665,,
20260714,600782.SH,新钢股份,85.3,趋势强势,2.69,2.974,,
20260714,600621.SH,华鑫股份,85.2,趋势强势,13.91,1.078,,
20260714,000908.SZ,石药景峰,85.1,趋势强势|缩量回踩,6.82,9.971,,
20260714,300110.SZ,华仁药业,85.0,趋势强势,2.77,1.805,,
20260714,002793.SZ,罗欣药业,84.6,趋势强势,4.71,4.246,,
20260714,002839.SZ,张家港行,84.6,趋势强势,4.22,2.607,,
20260714,000423.SZ,东阿阿胶,84.4,趋势强势,49.07,1.997,,
20260714,688373.SH,盟科药业,84.3,趋势强势,5.2,3.654,,
20260714,002274.SZ,华昌化工,84.0,趋势强势,5.44,2.757,,
20260714,688617.SH,惠泰医疗,83.8,趋势强势,204.0,4.412,,
20260714,600694.SH,大商股份,83.7,趋势强势,14.49,1.794,,
20260714,600886.SH,国投电力,83.7,趋势强势,14.23,2.178,,
20260714,603648.SH,畅联股份,83.5,趋势强势,9.65,-2.176,,
20260714,600511.SH,国药股份,83.3,趋势强势,27.66,1.229,,
20260714,601668.SH,中国建筑,83.1,趋势强势,4.69,0.64,,
20260714,000538.SZ,云南白药,83.0,趋势强势,50.05,1.499,,
20260714,600546.SH,山煤国际,82.9,趋势强势,12.74,-0.942,,
20260714,688009.SH,中国通号,82.9,趋势强势,5.02,0.398,,
20260714,002412.SZ,汉森制药,82.7,趋势强势,6.22,9.486,,
20260714,601139.SH,深圳燃气,82.7,趋势强势,6.13,1.468,,
20260714,603387.SH,基蛋生物,82.6,趋势强势,8.39,10.012,,
20260714,600987.SH,航民股份,82.5,趋势强势,6.5,1.231,,
20260714,000598.SZ,兴蓉环境,82.4,趋势强势,6.78,1.77,,
20260714,002437.SZ,誉衡药业,82.4,趋势强势|缩量回踩,3.04,3.289,,
20260714,920014.BJ,特瑞斯,82.4,平台突破,9.4,-3.191,,
20260714,600839.SH,四川长虹,82.3,趋势强势,7.15,4.056,,
20260714,000589.SZ,贵州轮胎,82.1,趋势强势,4.34,1.382,,
20260714,601968.SH,宝钢包装,82.0,趋势强势,4.39,1.367,,
20260714,300363.SZ,博腾股份,81.9,趋势强势,18.33,2.891,,
20260714,600420.SH,国药现代,81.7,趋势强势,8.9,2.135,,
20260714,000938.SZ,紫光股份,81.6,趋势强势,36.98,-3.921,,
20260714,600787.SH,中储股份,81.5,趋势强势,4.5,2.0,,
20260714,601918.SH,新集能源,81.5,趋势强势,9.7,5.258,,
20260714,603391.SH,力聚热能,81.5,趋势强势,59.57,-1.041,,
20260714,002399.SZ,海普瑞,81.4,趋势强势,9.86,2.535,,
20260714,920478.BJ,峆一药业,81.2,趋势强势,11.88,5.808,,
20260714,688197.SH,首药控股,81.1,趋势强势,40.65,6.667,,
20260714,002772.SZ,众兴菌业,81.0,趋势强势,13.09,-10.008,,
20260714,600025.SH,华能水电,80.8,趋势强势,9.81,0.0,,
20260714,603682.SH,锦和商管,80.8,趋势强势,8.93,1.568,,
20260714,688338.SH,赛科希德,80.8,平台突破,30.54,-0.753,,
20260714,002350.SZ,北京科锐,80.7,趋势强势,15.69,-6.947,,
20260714,600820.SH,隧道股份,80.6,趋势强势,5.5,2.0,,
20260714,600900.SH,长江电力,80.5,趋势强势,28.55,0.455,,
20260714,601058.SH,赛轮轮胎,80.5,趋势强势,12.94,3.014,,
20260714,601018.SH,宁波港,80.4,趋势强势,3.35,1.493,,
20260714,000333.SZ,美的集团,80.1,趋势强势,81.18,1.835,,
20260714,601658.SH,邮储银行,80.1,趋势强势,5.04,0.992,,
20260714,603858.SH,步长制药,80.0,趋势强势,15.88,1.071,,
20260714,600993.SH,马应龙,79.9,趋势强势,24.06,1.33,,
20260714,002252.SZ,上海莱士,79.7,趋势强势,4.81,2.495,,
20260714,601919.SH,中远海控,79.6,趋势强势,14.41,1.735,,
20260714,000977.SZ,浪潮信息,79.5,趋势强势,84.95,-0.294,,
20260714,301015.SZ,百洋医药,79.4,趋势强势,23.1,3.636,,
20260714,002321.SZ,华英农业,79.2,趋势强势,1.89,1.587,,
20260714,300071.SZ,福石控股,79.2,趋势强势,4.56,-2.193,,
20260714,600279.SH,重庆港,79.2,趋势强势,4.12,1.456,,
20260714,600523.SH,贵航股份,79.2,趋势强势,11.57,-0.173,,
20260713,002546.SZ,新联电子,110.3,趋势强势|平台突破,8.17,5.753,-4.529,
20260713,301277.SZ,新天地,109.2,趋势强势|平台突破,10.94,8.318,7.861,
20260713,300287.SZ,飞利信,106.8,趋势强势|平台突破,4.13,4.116,-4.358,
20260713,688176.SH,亚虹医药,106.2,趋势强势|平台突破,14.7,1.837,-1.837,
20260713,002317.SZ,众生药业,106.0,趋势强势|平台突破,31.6,-1.424,-5.19,
20260713,002923.SZ,润都股份,105.7,趋势强势|平台突破,11.28,-2.128,4.876,
20260713,300026.SZ,红日药业,104.9,趋势强势|平台突破,3.36,-0.893,2.083,
20260713,920478.BJ,峆一药业,103.3,趋势强势,11.87,0.084,16.681,
20260713,002746.SZ,仙坛股份,103.0,趋势强势|平台突破,5.67,1.058,5.996,
20260713,301092.SZ,争光股份,100.1,趋势强势|平台突破,61.28,-4.422,-9.22,
20260713,600488.SH,津药药业,99.7,趋势强势,6.07,6.59,6.26,
20260713,688072.SH,拓荆科技,98.6,趋势强势,845.0,0.593,-14.556,
20260713,600285.SH,羚锐制药,97.8,趋势强势|平台突破,22.66,0.177,1.721,
20260713,603815.SH,交建股份,97.4,趋势强势,6.99,-1.001,-12.16,
20260713,600594.SH,益佰制药,96.9,趋势强势|平台突破,3.4,2.059,6.176,
20260713,603118.SH,共进股份,96.9,趋势强势,14.8,-3.649,-8.176,
20260713,002541.SZ,鸿路钢构,96.6,趋势强势|平台突破,19.89,-1.357,2.765,
20260713,002737.SZ,葵花药业,96.6,趋势强势|平台突破,12.95,1.313,6.641,
20260713,600975.SH,新五丰,96.6,趋势强势|平台突破,5.19,-1.541,-0.963,
20260713,300640.SZ,德艺文创,96.5,趋势强势,6.35,-1.102,-4.252,
20260713,300929.SZ,华骐环保,96.5,趋势强势,13.8,5.507,11.812,
20260713,600771.SH,广誉远,96.5,趋势强势|平台突破,15.05,0.332,5.05,
20260713,300009.SZ,安科生物,96.1,趋势强势|平台突破,8.56,0.35,1.636,
20260713,000779.SZ,甘咨询,95.9,趋势强势,10.76,-1.394,3.346,
20260713,600351.SH,亚宝药业,95.5,趋势强势|平台突破,6.4,2.187,6.25,
20260713,601827.SH,三峰环境,95.4,趋势强势|平台突破,7.88,0.381,-0.508,
20260713,002728.SZ,特一药业,94.8,平台突破,10.17,-2.36,0.983,
20260713,002603.SZ,以岭药业,94.7,趋势强势|平台突破,16.47,4.129,5.525,
20260713,600557.SH,康缘药业,94.7,趋势强势|平台突破,13.03,-0.537,4.605,
20260713,002123.SZ,梦网科技,94.5,趋势强势,8.93,6.159,-13.998,
20260713,600998.SH,九州通,93.8,趋势强势|平台突破,5.06,2.964,3.36,
20260713,600572.SH,康恩贝,93.4,趋势强势,4.19,1.432,5.251,
20260713,600839.SH,四川长虹,93.3,平台突破,7.38,-3.117,-0.949,
20260713,300434.SZ,金石亚药,93.2,趋势强势,11.94,-0.754,-1.089,
20260713,002907.SZ,华森制药,92.9,趋势强势,14.5,0.138,0.138,
20260713,600900.SH,长江电力,92.7,趋势强势|平台突破,28.42,0.457,-0.633,
20260713,600882.SH,妙可蓝多,92.6,趋势强势,20.0,2.6,10.55,
20260713,002550.SZ,千红制药,92.5,趋势强势,6.94,1.153,2.161,
20260713,603682.SH,锦和商管,91.9,趋势强势,8.78,1.708,-1.139,
20260713,600405.SH,动力源,91.7,趋势强势,4.77,-6.289,-12.159,
20260713,000848.SZ,承德露露,91.6,趋势强势,8.09,2.967,4.574,
20260713,600056.SH,中国医药,91.4,趋势强势|平台突破,9.38,1.279,4.264,
20260713,002274.SZ,华昌化工,90.9,趋势强势,5.48,-0.73,-1.095,
20260713,603339.SH,四方科技,90.8,趋势强势,15.98,-10.013,-23.717,
20260713,600025.SH,华能水电,90.2,趋势强势,9.81,0.0,-1.223,
20260713,600812.SH,华北制药,90.2,趋势强势|平台突破,4.72,2.119,7.415,
20260713,603391.SH,力聚热能,89.9,趋势强势|平台突破,58.61,1.638,0.307,
20260713,688238.SH,和元生物,89.7,趋势强势,6.59,1.214,0.152,
20260713,600621.SH,华鑫股份,89.5,趋势强势,13.8,0.797,0.072,
20260713,601058.SH,赛轮轮胎,89.3,趋势强势,13.05,-0.843,5.594,
20260713,301015.SZ,百洋医药,88.8,趋势强势,23.05,0.217,2.95,
20260713,300761.SZ,立华股份,88.6,趋势强势|平台突破,19.08,0.314,4.717,
20260713,301047.SZ,义翘神州,88.5,趋势强势,70.66,2.604,6.453,
20260713,601658.SH,邮储银行,88.2,趋势强势,5.05,-0.198,0.0,
20260713,600267.SH,海正药业,88.1,趋势强势|平台突破,11.33,2.295,5.825,
20260713,000650.SZ,仁和药业,88.0,趋势强势,5.37,1.49,5.4,
20260713,603707.SH,健友股份,88.0,趋势强势,7.63,2.883,8.519,
20260713,603590.SH,康辰药业,87.7,趋势强势,34.4,4.535,9.302,
20260713,002261.SZ,拓维信息,87.5,趋势强势,33.0,-7.303,-9.242,
20260713,601162.SH,天风证券,87.3,趋势强势,3.81,0.787,1.05,
20260713,600288.SH,大恒科技,87.1,趋势强势,16.64,3.245,-16.406,
20260713,600422.SH,昆药集团,87.1,趋势强势|平台突破,8.78,1.481,5.239,
20260713,600886.SH,国投电力,87.1,趋势强势,13.98,1.788,3.648,
20260713,301665.SZ,泰禾股份,86.7,趋势强势,23.84,1.174,1.51,
20260713,600436.SH,片仔癀,86.7,趋势强势|平台突破,125.58,0.828,12.398,
20260713,600428.SH,中远海特,86.5,趋势强势|平台突破,9.82,7.739,5.906,
20260713,600535.SH,天士力,86.3,趋势强势,14.38,1.46,10.779,
20260713,300404.SZ,博济医药,85.9,趋势强势,9.48,4.852,13.819,
20260713,600018.SH,上港集团,85.9,趋势强势,5.1,1.765,1.373,
20260713,605296.SH,神农集团,85.8,趋势强势|平台突破,30.2,-0.563,5.099,
20260713,301295.SZ,美硕科技,85.7,趋势强势,48.95,-19.857,-18.611,
20260713,688222.SH,成都先导,85.7,趋势强势,35.53,-0.028,-7.177,
20260713,300071.SZ,福石控股,85.6,趋势强势,4.6,-0.87,-1.522,
20260713,300039.SZ,上海凯宝,85.5,趋势强势|平台突破,5.2,3.462,8.654,
20260713,600118.SH,中国卫星,85.3,趋势强势|平台突破,91.26,-10.004,-24.217,
20260713,600993.SH,马应龙,85.1,趋势强势,24.07,-0.042,1.703,
20260713,600332.SH,白云山,84.4,趋势强势|平台突破,21.9,0.731,3.47,
20260713,600756.SH,浪潮软件,84.0,平台突破,14.85,-3.367,-6.667,
20260713,600845.SH,宝信软件,83.9,趋势强势,20.14,-7.15,-5.462,
20260713,601339.SH,百隆东方,83.9,趋势强势,7.42,4.987,7.547,
20260713,002349.SZ,精华制药,83.7,趋势强势|平台突破,6.7,1.791,4.627,
20260713,920015.BJ,锦华新材,83.5,趋势强势|平台突破,62.0,12.419,-10.823,
20260713,002156.SZ,通富微电,83.4,趋势强势,73.57,5.845,3.235,
20260713,002605.SZ,姚记科技,83.0,趋势强势,20.63,-3.296,-0.63,
20260713,000597.SZ,东北制药,82.8,趋势强势,4.62,2.165,6.061,
20260713,688101.SH,三达膜,82.7,平台突破,18.78,-7.561,-0.692,
20260713,300511.SZ,雪榕生物,82.6,趋势强势,5.55,3.243,1.982,
20260713,601928.SH,凤凰传媒,82.2,趋势强势,9.24,0.758,1.299,
20260713,300454.SZ,深信服,82.1,趋势强势,107.02,-0.981,5.214,
20260713,688258.SH,卓易信息,82.1,趋势强势,137.8,-10.747,-9.361,
20260713,605208.SH,永茂泰,82.0,趋势强势,18.48,4.491,-6.602,
20260713,920190.BJ,雷神科技,81.9,趋势强势,26.94,-3.935,11.284,
20260713,002019.SZ,亿帆医药,81.8,趋势强势,10.06,1.292,8.847,
20260713,301191.SZ,菲菱科思,81.7,趋势强势,129.08,-7.244,-12.612,
20260713,688617.SH,惠泰医疗,81.6,趋势强势,207.21,-1.549,1.346,
20260713,600521.SH,华海药业,81.3,趋势强势,16.84,0.772,4.691,
20260713,603233.SH,大参林,81.1,趋势强势,18.08,8.85,6.471,
20260713,603019.SH,中科曙光,80.8,趋势强势,106.13,-3.986,-7.981,
20260713,688050.SH,爱博医疗,80.8,趋势强势,42.0,2.095,4.024,
20260713,002412.SZ,汉森制药,80.6,趋势强势,6.09,2.135,10.345,
20260713,600120.SH,浙江东方,80.6,趋势强势,4.91,0.611,-0.204,
20260713,000538.SZ,云南白药,80.3,趋势强势,49.75,0.603,4.744,
20260713,002287.SZ,奇正藏药,80.3,趋势强势,20.73,2.315,5.982,
20260713,300458.SZ,全志科技,80.3,趋势强势,39.95,-2.929,-3.579,
20260713,002292.SZ,奥飞娱乐,80.2,趋势强势,7.65,-2.222,2.092,
20260713,688220.SH,翱捷科技,80.2,趋势强势,121.35,-3.42,-6.312,
20260713,688382.SH,益方生物,80.2,趋势强势,23.58,6.361,1.569,
20260713,920267.BJ,鑫汇科,80.0,趋势强势,16.55,7.553,14.864,
20260713,688981.SH,中芯国际,79.4,趋势强势,163.58,-1.583,-7.201,
20260713,000651.SZ,格力电器,79.3,趋势强势,38.71,1.214,2.893,
20260713,600676.SH,交运股份,79.3,趋势强势,7.01,2.996,1.997,
20260713,601607.SH,上海医药,79.2,趋势强势,16.33,1.715,4.348,
20260713,002867.SZ,周大生,79.1,趋势强势,12.07,0.497,5.468,
20260713,300654.SZ,世纪天鸿,79.1,趋势强势,10.26,5.458,10.721,
20260713,002828.SZ,贝肯能源,79.0,趋势强势,13.01,-4.766,-4.766,
20260713,600673.SH,东阳光,79.0,趋势强势,38.25,1.307,-5.908,
20260713,000999.SZ,华润三九,78.7,趋势强势,24.49,1.592,5.512,
20260713,600246.SH,万通发展,78.6,趋势强势,19.91,-3.717,-2.16,
20260713,603127.SH,昭衍新药,78.6,趋势强势,43.01,6.998,23.808,
20260713,920275.BJ,驱动力,78.6,趋势强势,6.81,-2.496,-3.524,
20260713,688523.SH,航天环宇,78.4,趋势强势,58.23,-13.945,-16.624,
20260713,688795.SH,摩尔线程,77.9,趋势强势,715.9,-2.903,-9.359,
20260713,002439.SZ,启明星辰,77.8,趋势强势,13.26,-2.413,-1.207,
20260713,002511.SZ,中顺洁柔,77.3,趋势强势,7.02,1.567,3.561,
20260713,002216.SZ,三全食品,77.2,趋势强势,12.48,0.721,3.766,
20260713,600674.SH,川投能源,77.1,趋势强势,15.1,1.325,2.45,
20260713,000990.SZ,诚志股份,77.0,平台突破,9.26,-1.08,3.24,
20260713,301607.SZ,富特科技,77.0,趋势强势,54.0,-0.185,-12.481,
20260713,002399.SZ,海普瑞,76.8,趋势强势,9.65,2.176,7.358,
20260713,600333.SH,长春燃气,76.8,趋势强势,5.5,2.364,0.0,
20260713,600988.SH,赤峰黄金,76.7,趋势强势,32.33,8.104,7.083,
20260713,002275.SZ,桂林三金,76.6,趋势强势,13.31,1.052,3.456,
20260713,600380.SH,健康元,76.6,趋势强势,10.1,1.584,5.347,
20260713,002437.SZ,誉衡药业,76.3,趋势强势,3.02,0.662,4.967,
20260713,003000.SZ,劲仔食品,76.3,趋势强势,10.37,0.771,2.025,
20260713,300105.SZ,龙源技术,75.9,趋势强势,7.81,0.64,7.17,
20260713,688206.SH,概伦电子,75.8,趋势强势,51.91,-3.679,-16.355,
20260713,300194.SZ,福安药业,75.4,趋势强势,3.68,1.902,5.707,
20260713,002772.SZ,众兴菌业,75.3,趋势强势,13.13,-0.305,-19.269,
20260713,300687.SZ,赛意信息,75.3,趋势强势,30.63,-0.261,-17.303,
20260713,920020.BJ,泰凯英,75.3,趋势强势,16.53,2.178,-3.811,
20260713,300110.SZ,华仁药业,75.2,趋势强势,2.7,2.593,5.185,
20260713,688111.SH,金山办公,75.0,趋势强势,226.55,-1.73,5.107,
20260713,300990.SZ,同飞股份,74.7,趋势强势,104.99,14.687,4.581,
20260713,300439.SZ,美康生物,74.6,趋势强势,8.58,2.214,5.361,
20260713,603387.SH,基蛋生物,74.6,趋势强势,8.26,1.574,11.985,
20260713,001872.SZ,招商港口,74.3,趋势强势,21.29,1.926,-1.644,
20260713,605377.SH,华旺科技,74.2,趋势强势,9.89,-0.303,-3.236,
20260713,688561.SH,奇安信,74.2,趋势强势,25.71,-2.45,-0.272,
20260713,002078.SZ,太阳纸业,74.0,趋势强势,13.23,2.343,2.948,
20260713,000423.SZ,东阿阿胶,73.8,趋势强势,48.73,0.698,5.479,
20260713,603893.SH,瑞芯微,73.8,趋势强势,219.0,-0.954,1.479,
20260713,300564.SZ,筑博设计,73.7,平台突破,13.36,-1.647,-1.946,
20260713,603213.SH,镇洋发展,73.7,趋势强势,14.54,-2.338,-2.82,
20260713,688293.SH,奥浦迈,73.7,趋势强势,46.4,9.914,17.241,
20260713,300588.SZ,熙菱信息,73.2,趋势强势,24.1,-7.552,-4.315,
20260713,688029.SH,南微医学,73.2,趋势强势,75.14,0.186,3.806,
20260713,000729.SZ,燕京啤酒,73.0,趋势强势,11.13,2.066,7.907,
20260713,600862.SH,中航高科,73.0,趋势强势,20.02,-1.049,-2.747,
20260713,688371.SH,菲沃泰,73.0,趋势强势,43.45,-1.749,-21.335,
20260713,600420.SH,国药现代,72.8,趋势强势,8.8,1.136,4.886,
20260713,603648.SH,畅联股份,72.7,趋势强势,9.38,2.878,-0.426,
20260713,300363.SZ,博腾股份,72.6,趋势强势,18.05,1.551,3.934,
20260713,600196.SH,复星医药,72.5,趋势强势,23.79,1.093,3.867,
20260713,301108.SZ,洁雅股份,72.3,趋势强势,30.61,-1.405,-3.79,
20260713,603268.SH,松发股份,72.3,趋势强势,162.93,0.19,-4.505,
20260713,000892.SZ,欢瑞世纪,72.2,趋势强势,3.98,-1.759,-2.764,
20260713,301080.SZ,百普赛斯,72.2,趋势强势,50.23,6.132,6.928,
20260713,688153.SH,唯捷创芯,72.2,趋势强势,32.9,-6.687,-11.915,
20260713,300119.SZ,瑞普生物,72.1,趋势强势,15.79,1.52,4.117,
20260713,603858.SH,步长制药,71.9,趋势强势,15.65,1.47,3.323,
20260713,688591.SH,泰凌微,71.8,趋势强势,35.15,-6.23,-8.99,
20260713,600548.SH,深高速,71.6,趋势强势,8.7,-2.184,-2.644,
20260713,002567.SZ,唐人神,71.5,趋势强势,3.6,0.833,5.833,
20260713,300065.SZ,海兰信,70.9,趋势强势,25.64,-17.785,-27.769,
20260713,000739.SZ,普洛药业,70.8,趋势强势,18.19,4.948,15.448,
20260713,000813.SZ,德展健康,70.7,趋势强势,3.29,2.432,6.687,
20260713,600323.SH,瀚蓝环境,70.7,趋势强势,28.83,4.024,4.579,
20260713,001201.SZ,东瑞股份,70.5,趋势强势,11.78,-1.019,1.443,
20260713,300418.SZ,昆仑万维,70.0,趋势强势,48.2,-4.71,0.083,
20260713,300498.SZ,温氏股份,70.0,趋势强势,13.5,-1.111,5.333,
20260713,603882.SH,金域医学,69.9,平台突破,25.82,4.57,8.056,
20260713,002774.SZ,快意电梯,69.4,趋势强势,15.26,6.094,6.16,
20260713,600236.SH,桂冠电力,69.4,趋势强势,9.51,4.416,1.472,
20260713,688373.SH,盟科药业,69.2,趋势强势,5.05,2.97,9.109,
20260713,002234.SZ,民和股份,69.1,趋势强势,7.15,0.699,2.657,
20260713,603939.SH,益丰药房,68.9,趋势强势,20.7,3.14,3.527,
20260713,688046.SH,药康生物,68.4,趋势强势,24.28,1.4,19.44,
20260713,603055.SH,台华新材,68.2,趋势强势,8.65,0.116,0.694,
20260713,000333.SZ,美的集团,67.7,趋势强势,80.4,0.97,1.741,
20260713,002557.SZ,洽洽食品,67.7,趋势强势,19.93,-3.161,0.05,
20260713,688169.SH,石头科技,67.5,趋势强势,99.1,0.605,6.963,
20260713,600276.SH,恒瑞医药,67.1,趋势强势,55.75,-1.668,0.43,
20260713,002714.SZ,牧原股份,67.0,趋势强势,38.55,-1.219,6.096,
20260713,600073.SH,光明肉业,67.0,趋势强势,5.06,0.593,4.743,
20260713,603609.SH,禾丰股份,66.8,趋势强势,6.46,1.703,4.334,
20260713,301269.SZ,华大九天,66.7,趋势强势,119.83,-2.537,-11.366,
20260713,002864.SZ,盘龙药业,66.3,趋势强势,29.13,2.575,9.818,
20260713,002235.SZ,安妮股份,66.2,趋势强势,9.17,3.272,2.617,
20260713,920207.BJ,众诚科技,66.1,趋势强势,24.51,-3.55,2.978,
20260710,000892.SZ,欢瑞世纪,90.0,趋势强势|平台突破,4.2,-5.238,-16.19,
20260710,002317.SZ,众生药业,90.0,趋势强势|平台突破,29.54,6.974,12.695,
20260710,003020.SZ,立方制药,90.0,趋势强势|平台突破,18.74,9.979,16.916,
20260710,600129.SH,太极集团,90.0,趋势强势|平台突破,16.58,8.203,8.444,
20260710,300533.SZ,冰川网络,89.9,趋势强势|平台突破,17.9,-11.676,-17.709,
20260710,300071.SZ,福石控股,89.8,趋势强势|平台突破,4.91,-6.314,-9.165,
20260710,603339.SH,四方科技,89.7,趋势强势|平台突破,16.25,-1.662,-20.369,
20260710,605377.SH,华旺科技,89.7,趋势强势|平台突破,10.13,-2.369,-2.764,
20260710,688293.SH,奥浦迈,89.2,趋势强势|平台突破,48.39,-4.112,11.49,
20260710,301015.SZ,百洋医药,89.0,趋势强势|平台突破,22.92,0.567,4.45,
20260710,688222.SH,成都先导,88.8,趋势强势|平台突破,35.87,-0.948,1.979,
20260710,002437.SZ,誉衡药业,88.6,趋势强势|平台突破,3.13,-3.514,0.319,
20260710,300528.SZ,幸福蓝海,88.3,趋势强势|平台突破,15.9,-13.522,6.855,
20260710,688036.SH,传音控股,87.8,趋势强势|平台突破,68.5,-5.942,-10.365,
20260710,300105.SZ,龙源技术,87.5,趋势强势|平台突破,8.18,-4.523,5.868,
20260710,002739.SZ,儒意电影,86.8,趋势强势|平台突破,10.43,-9.971,-10.067,
20260710,603322.SH,超讯科技,85.4,趋势强势|平台突破,31.06,-7.598,-10.56,
20260710,688111.SH,金山办公,85.3,趋势强势|平台突破,233.76,-3.084,1.262,
20260710,301295.SZ,美硕科技,85.2,趋势强势|平台突破,49.91,-1.923,-22.541,
20260710,002687.SZ,乔治白,84.9,趋势强势,5.85,-5.983,-5.641,
20260710,002541.SZ,鸿路钢构,84.4,趋势强势|平台突破,19.66,1.17,6.612,
20260710,603127.SH,昭衍新药,84.4,趋势强势,43.22,-0.486,17.122,
20260710,688319.SH,欧林生物,84.3,趋势强势|平台突破,44.38,-19.558,-14.015,
20260710,688238.SH,和元生物,84.1,趋势强势,6.71,-1.788,1.341,
20260710,000034.SZ,神州数码,83.8,趋势强势|平台突破,29.62,-6.82,-13.065,
20260710,688561.SH,奇安信,83.8,趋势强势|平台突破,25.89,-0.695,-1.12,
20260710,600664.SH,哈药股份,83.7,趋势强势|平台突破,3.37,10.089,33.234,
20260710,600879.SH,航天电子,83.3,趋势强势|平台突破,23.29,-8.287,-25.376,
20260710,300474.SZ,景嘉微,82.9,趋势强势,63.63,-7.276,-13.861,
20260710,000518.SZ,四环生物,82.8,趋势强势,4.06,-5.665,-3.202,
20260710,603019.SH,中科曙光,82.3,趋势强势,107.5,-1.274,-9.991,
20260710,688311.SH,盟升电子,82.3,趋势强势,32.39,-11.331,-20.655,
20260710,300002.SZ,神州泰岳,82.0,趋势强势,8.4,-4.286,-2.738,
20260710,688375.SH,国博电子,81.3,趋势强势|平台突破,113.01,-12.778,-26.166,
20260710,300654.SZ,世纪天鸿,81.0,趋势强势|平台突破,10.38,-1.156,5.78,
20260710,002261.SZ,拓维信息,80.8,趋势强势,32.08,2.868,-12.313,
20260710,600428.SH,中远海特,80.8,趋势强势|平台突破,8.99,9.232,17.575,
20260710,300640.SZ,德艺文创,80.5,趋势强势|平台突破,6.22,2.09,-1.286,
20260710,603222.SH,济民健康,80.3,趋势强势,9.88,-8.502,-3.34,
20260710,301080.SZ,百普赛斯,80.1,趋势强势,50.6,-0.731,6.482,
20260710,920275.BJ,驱动力,79.3,趋势强势|平台突破,7.1,-4.085,1.127,
20260710,000048.SZ,京基智农,77.7,趋势强势,24.1,-4.73,-12.407,
20260710,603087.SH,甘李药业,77.3,趋势强势,66.47,-1.745,4.844,
20260710,688373.SH,盟科药业,77.0,趋势强势,5.19,-2.697,3.854,
20260710,600521.SH,华海药业,76.4,趋势强势,16.84,0.0,0.297,
20260710,605208.SH,永茂泰,76.3,趋势强势,18.86,-2.015,0.424,
20260710,600470.SH,六国化工,76.1,趋势强势,6.96,-10.057,-17.816,
20260710,300689.SZ,澄天伟业,75.6,趋势强势|平台突破,74.0,-9.054,-10.811,
20260710,603183.SH,建研院,75.6,趋势强势|平台突破,4.44,-8.784,-5.631,
20260710,002517.SZ,恺英网络,75.4,趋势强势,16.92,-5.319,1.537,
20260710,600372.SH,中航机载,75.3,趋势强势|平台突破,11.58,-3.454,-2.332,
20260710,300251.SZ,光线传媒,75.0,趋势强势,12.75,-7.451,-2.824,
20260710,688385.SH,复旦微电,74.8,趋势强势|平台突破,74.0,-9.595,-17.541,
20260710,600488.SH,津药药业,74.7,趋势强势,5.58,8.781,25.09,
20260710,600845.SH,宝信软件,74.7,趋势强势,20.0,0.7,-5.8,
20260710,603669.SH,灵康药业,74.4,趋势强势,6.18,10.032,31.23,
20260710,688343.SH,云天励飞,74.4,趋势强势,87.13,-3.409,-6.003,
20260710,920035.BJ,精创电气,74.3,趋势强势,30.13,-6.14,-11.683,
20260710,600975.SH,新五丰,74.2,趋势强势,5.17,0.387,-1.161,
20260710,920478.BJ,峆一药业,73.8,趋势强势,11.32,4.859,11.042,
20260710,301047.SZ,义翘神州,73.7,趋势强势,70.07,0.842,4.267,
20260710,688387.SH,信科移动,73.7,趋势强势|平台突破,22.28,-16.517,-26.93,
20260710,688523.SH,航天环宇,73.7,平台突破,61.18,-4.822,-15.904,
20260710,002236.SZ,大华股份,73.6,趋势强势|平台突破,17.29,-2.892,-4.164,
20260710,300434.SZ,金石亚药,73.6,趋势强势,11.96,-0.167,4.013,
20260710,603893.SH,瑞芯微,73.5,趋势强势,208.8,4.885,0.814,
20260710,000526.SZ,学大教育,73.3,趋势强势,28.06,-2.245,-1.461,
20260710,002123.SZ,梦网科技,73.3,趋势强势,8.66,3.118,-1.501,
20260710,300363.SZ,博腾股份,73.2,趋势强势,18.42,-2.009,2.389,
20260710,600118.SH,中国卫星,72.8,平台突破,90.02,1.377,-17.885,
20260710,002558.SZ,巨人网络,72.6,趋势强势,29.56,-3.654,0.0,
20260710,002791.SZ,坚朗五金,72.4,趋势强势,15.17,-4.68,-1.187,
20260710,300833.SZ,浩洋股份,72.4,趋势强势,35.9,-3.092,-2.897,
20260710,300687.SZ,赛意信息,72.1,趋势强势,30.47,0.525,-12.209,
20260710,300469.SZ,信息发展,71.9,趋势强势|平台突破,59.8,-8.512,-8.211,
20260710,002605.SZ,姚记科技,71.4,趋势强势,20.41,1.078,1.666,
20260710,300369.SZ,绿盟科技,71.3,趋势强势,6.61,5.749,13.162,
20260710,300592.SZ,华凯易佰,70.9,趋势强势,18.74,-6.777,-2.348,
20260710,300649.SZ,杭州园林,70.8,趋势强势,30.09,-10.236,-0.764,
20260710,601339.SH,百隆东方,70.8,趋势强势,7.26,2.204,14.187,
20260710,688636.SH,智明达,70.8,趋势强势,41.0,-13.756,-22.293,
20260710,002693.SZ,双成药业,70.5,趋势强势,10.45,-2.297,4.88,
20260710,603818.SH,曲美家居,69.9,趋势强势,3.45,-5.797,-3.478,
20260710,300990.SZ,同飞股份,69.5,趋势强势,109.04,-3.714,4.384,
20260710,301092.SZ,争光股份,69.4,趋势强势,55.0,11.418,3.0,
20260710,600771.SH,广誉远,69.1,趋势强势,14.23,5.762,7.519,
20260710,300199.SZ,翰宇药业,68.6,趋势强势,25.44,-7.626,-0.708,
20260710,000524.SZ,岭南控股,68.5,趋势强势,9.87,-10.03,-14.083,
20260710,300026.SZ,红日药业,68.4,趋势强势,3.17,5.994,8.202,
20260710,603815.SH,交建股份,68.3,趋势强势,6.79,2.946,-3.24,
20260710,003033.SZ,征和工业,68.2,趋势强势,70.21,-5.127,-0.299,
20260710,600150.SH,中国船舶,68.2,趋势强势,37.04,-7.64,-7.37,
20260710,603949.SH,雪龙集团,68.1,趋势强势,18.88,-10.011,-27.119,
20260710,688720.SH,艾森股份,68.1,趋势强势,105.33,-8.649,-17.213,
20260710,300588.SZ,熙菱信息,67.9,趋势强势,24.8,-2.823,-11.895,
20260710,002321.SZ,华英农业,67.8,趋势强势,1.88,-0.532,2.128,
20260710,002714.SZ,牧原股份,67.8,趋势强势,38.14,1.075,3.959,
20260710,002728.SZ,特一药业,67.8,趋势强势,9.56,6.381,6.59,
20260710,300813.SZ,泰林生物,67.8,趋势强势,22.0,-2.318,-1.227,
20260710,603313.SH,梦百合,67.6,趋势强势,7.26,10.055,9.229,
20260710,002292.SZ,奥飞娱乐,67.2,趋势强势,7.74,-1.163,2.713,
20260710,300404.SZ,博济医药,67.2,趋势强势,9.48,0.0,8.122,
20260710,002268.SZ,电科网安,67.0,趋势强势,15.34,-6.649,-5.997,
20260710,603118.SH,共进股份,66.9,趋势强势,14.2,4.225,-9.366,
20260710,002548.SZ,金新农,66.6,趋势强势,4.19,-3.341,0.0,
20260710,600539.SH,狮头股份,66.6,趋势强势,17.2,-10.0,-4.535,
20260710,920047.BJ,诺思兰德,66.3,趋势强势,22.38,-3.441,-5.273,
20260710,002457.SZ,青龙管业,66.2,趋势强势,15.76,-10.025,-25.761,
20260710,688505.SH,复旦张江,66.2,趋势强势,7.76,-1.418,3.995,
20260710,300761.SZ,立华股份,66.1,趋势强势,18.57,2.746,4.9,
20260710,688197.SH,首药控股,66.0,趋势强势,41.09,-4.697,5.524,
20260710,688135.SH,利扬芯片,65.9,趋势强势,42.53,-10.416,-16.271,
20260710,688176.SH,亚虹医药,65.9,趋势强势|缩量回踩,12.8,14.844,18.75,
20260710,301367.SZ,瑞迈特,65.8,趋势强势,44.99,-3.312,2.356,
20260710,688382.SH,益方生物,65.7,趋势强势,22.41,5.221,12.896,
20260710,002137.SZ,实益达,65.6,趋势强势,12.02,-9.983,-27.038,
20260710,688050.SH,爱博医疗,65.5,趋势强势,41.56,1.059,1.925,
20260710,600755.SH,厦门国贸,65.4,趋势强势,5.95,-2.353,-0.672,
20260710,688211.SH,中科微至,65.4,趋势强势,35.93,-6.68,-9.352,
20260710,600285.SH,羚锐制药,65.3,趋势强势,21.72,4.328,5.525,
20260710,688475.SH,萤石网络,65.3,趋势强势,27.75,-4.973,-1.586,
20260710,000987.SZ,越秀资本,65.2,趋势强势,8.09,-5.192,-3.956,
20260710,300287.SZ,飞利信,65.1,趋势强势,3.88,6.443,1.031,
20260710,002414.SZ,高德红外,65.0,平台突破,14.64,-4.44,-9.016,
20260710,600267.SH,海正药业,65.0,趋势强势,10.77,5.2,11.235,
20260710,600992.SH,贵绳股份,65.0,平台突破,10.65,10.047,6.573,
20260710,603456.SH,九洲药业,65.0,趋势强势,14.77,-0.88,7.583,
20260710,688153.SH,唯捷创芯,64.9,趋势强势,33.88,-2.893,-11.423,
20260710,300194.SZ,福安药业,64.9,趋势强势,3.61,1.939,6.371,
20260710,001313.SZ,粤海饲料,64.9,趋势强势|缩量回踩,8.1,-10.0,-5.309,
20260710,601162.SH,天风证券,64.7,趋势强势,3.72,2.419,5.376,
20260710,920230.BJ,欧康医药,64.6,趋势强势|缩量回踩,10.66,-2.533,10.6,
20260710,600351.SH,亚宝药业,64.5,趋势强势,6.26,2.236,7.348,
20260710,300418.SZ,昆仑万维,64.4,趋势强势,49.42,-2.469,-6.698,
20260710,002550.SZ,千红制药,64.1,趋势强势,6.87,1.019,5.095,
20260710,002524.SZ,光正眼科,64.0,趋势强势,3.78,-5.026,-0.794,
20260710,300684.SZ,中石科技,64.0,趋势强势,69.61,-9.18,-2.615,
20260710,603363.SH,傲农生物,64.0,趋势强势,2.94,-2.381,-2.041,
20260710,688057.SH,金达莱,63.7,趋势强势,17.98,-8.509,-8.287,
20260710,001287.SZ,中电港,63.6,趋势强势,31.03,-9.539,-14.115,
20260710,600825.SH,新华传媒,63.3,趋势强势,4.91,-5.092,-2.444,
20260710,301607.SZ,富特科技,63.2,趋势强势,55.56,-2.808,-9.719,
20260710,688981.SH,中芯国际,63.2,趋势强势,163.02,0.344,-5.754,
20260710,003004.SZ,声迅股份,63.1,趋势强势,83.01,-4.831,-8.963,
20260710,688262.SH,国芯科技,63.1,趋势强势,44.0,-8.523,-15.818,
20260710,688513.SH,苑东生物,63.1,趋势强势,55.87,-2.345,7.553,
20260710,301008.SZ,宏昌科技,63.0,趋势强势,32.7,-10.52,-6.147,
20260710,688019.SH,安集科技,63.0,趋势强势,312.8,-4.866,-9.527,
20260710,688802.SH,沐曦股份,63.0,趋势强势,909.35,6.984,-4.977,
20260710,300009.SZ,安科生物,62.9,趋势强势,8.23,4.01,6.683,
20260710,600998.SH,九州通,62.9,趋势强势|缩量回踩,5.01,0.998,2.994,
20260710,300768.SZ,迪普科技,62.8,趋势强势,16.11,-2.731,-3.724,
20260710,300454.SZ,深信服,62.7,平台突破,111.24,-3.794,-2.193,
20260710,300677.SZ,英科医疗,62.7,趋势强势,46.0,-3.043,0.957,
20260710,600812.SH,华北制药,62.7,趋势强势,4.61,2.386,7.809,
20260710,600018.SH,上港集团,62.5,趋势强势,5.06,0.791,3.557,
20260710,600671.SH,天目药业,62.5,趋势强势,19.21,9.995,2.967,
20260710,002745.SZ,木林森,62.2,趋势强势,12.84,-9.969,-6.931,
20260710,300735.SZ,光弘科技,62.2,趋势强势,22.95,-1.612,-6.492,
20260710,600900.SH,长江电力,62.2,趋势强势,28.03,1.391,2.319,
20260710,688041.SH,海光信息,62.2,趋势强势,353.0,-2.266,-8.184,
20260710,688180.SH,君实生物,62.1,趋势强势,37.6,-1.223,2.527,
20260710,300039.SZ,上海凯宝,62.0,趋势强势,4.49,15.813,19.154,
20260710,000813.SZ,德展健康,62.0,趋势强势,3.23,1.858,6.811,
20260710,000066.SZ,中国长城,61.8,趋势强势,19.45,-7.198,-15.116,
20260710,000597.SZ,东北制药,61.7,趋势强势,4.51,2.439,6.43,
20260710,300016.SZ,北陆药业,61.7,趋势强势,8.19,-1.709,5.006,
20260710,002127.SZ,南极电商,61.6,趋势强势,2.82,-1.418,4.255,
20260710,600377.SH,宁沪高速,61.5,趋势强势,12.52,-4.553,-4.952,
20260710,600120.SH,浙江东方,61.4,趋势强势,4.84,1.446,1.446,
20260710,688795.SH,摩尔线程,61.4,趋势强势,701.01,2.124,-7.538,
20260710,603101.SH,汇嘉时代,61.1,趋势强势,6.87,-3.057,3.493,
20260710,002923.SZ,润都股份,61.0,趋势强势,10.67,5.717,10.684,
20260710,600886.SH,国投电力,60.9,趋势强势,13.73,1.821,5.899,
20260710,600862.SH,中航高科,60.8,趋势强势,19.63,1.987,0.764,
20260710,002458.SZ,益生股份,60.8,趋势强势,8.84,-3.281,2.036,
20260710,688220.SH,翱捷科技,60.7,趋势强势,118.26,2.613,4.608,
20260710,603648.SH,畅联股份,60.7,趋势强势,9.43,-0.53,0.106,
20260710,002567.SZ,唐人神,60.6,趋势强势,3.61,-0.277,4.155,
20260710,300463.SZ,迈克生物,60.5,趋势强势,8.94,-1.119,2.796,
20260710,688175.SH,高凌信息,60.2,趋势强势,28.69,-12.269,-20.634,
20260710,688522.SH,纳睿雷达,60.2,趋势强势,21.85,-5.172,-10.069,
20260710,300471.SZ,厚普股份,60.2,趋势强势,9.38,-3.518,-2.878,
20260710,300204.SZ,舒泰神,60.1,趋势强势,24.21,-3.139,8.468,
20260710,301161.SZ,唯万密封,60.1,趋势强势,40.21,-11.142,-15.867,
20260710,688117.SH,圣诺生物,60.1,趋势强势,29.21,-3.8,2.26,
20260710,920116.BJ,星图测控,60.1,趋势强势,71.58,-9.695,-30.162,
20260710,300158.SZ,振东制药,60.1,趋势强势,4.9,0.408,6.122,
20260710,002385.SZ,大北农,60.0,趋势强势,3.0,-0.333,1.333,
20260710,603051.SH,鹿山新材,59.9,趋势强势,22.88,-3.278,-2.404,
20260710,600332.SH,白云山,59.8,趋势强势,21.29,2.865,5.402,
20260710,001270.SZ,铖昌科技,59.7,趋势强势,166.3,-10.0,-26.873,
20260710,600380.SH,健康元,59.6,趋势强势,10.03,0.698,4.885,
20260710,300298.SZ,三诺生物,59.6,趋势强势,14.53,1.101,7.502,
20260710,300458.SZ,全志科技,59.5,趋势强势,40.03,-0.2,-6.045,
20260710,603466.SH,风语筑,59.3,趋势强势|缩量回踩,11.6,-9.052,2.931,
20260710,920020.BJ,泰凯英,59.0,趋势强势,16.48,0.303,0.364,
20260710,002274.SZ,华昌化工,59.0,平台突破,5.76,-4.861,-2.951,
20260710,600708.SH,光明地产,59.0,趋势强势,3.32,-6.024,2.41,
20260710,600685.SH,中船防务,58.9,平台突破,28.6,-9.476,-10.49,
20260710,688235.SH,百济神州,58.9,趋势强势,267.84,-2.703,2.49,
20260710,688799.SH,华纳药厂,58.8,趋势强势,53.1,-5.556,9.849,
20260710,301277.SZ,新天地,58.7,趋势强势,9.87,10.841,16.413,
20260710,001206.SZ,依依股份,58.5,趋势强势,20.07,-3.837,7.524,
20260710,600621.SH,华鑫股份,58.1,趋势强势,13.42,2.832,4.769,
20260710,300562.SZ,乐心医疗,58.0,趋势强势,14.68,-3.065,-4.564,
20260710,300961.SZ,深水海纳,58.0,趋势强势,13.56,-12.684,-11.504,
20260710,603991.SH,领先股份,58.0,趋势强势,161.31,-3.918,-8.09,
20260710,002180.SZ,奔图科技,57.6,趋势强势,16.54,-4.474,-4.414,
20260710,600557.SH,康缘药业,57.6,趋势强势,12.4,5.081,7.097,
20260710,002234.SZ,民和股份,57.5,趋势强势,7.19,-0.556,2.364,
20260710,603609.SH,禾丰股份,57.4,趋势强势,6.5,-0.615,2.769,
20260710,688139.SH,海尔生物,57.4,趋势强势,27.3,-1.612,4.762,
20260710,603233.SH,大参林,57.3,趋势强势,17.65,2.436,9.065,
20260710,603387.SH,基蛋生物,57.3,趋势强势,8.28,-0.242,11.473,
20260710,301509.SZ,金凯生科,57.2,趋势强势,30.65,-5.09,5.285,
20260710,603367.SH,辰欣药业,57.0,趋势强势,13.68,0.365,14.985,
20260710,920015.BJ,锦华新材,56.9,趋势强势,56.58,9.579,11.17,
20260710,603903.SH,中持股份,56.8,趋势强势|缩量回踩,15.92,-4.271,-9.234,
20260710,603819.SH,神力股份,56.7,趋势强势|缩量回踩,13.58,-5.081,-5.007,
20260710,600276.SH,恒瑞医药,56.5,趋势强势,55.75,0.0,3.139,
20260710,688355.SH,明志科技,56.5,趋势强势,21.0,-11.429,-13.905,
20260710,600316.SH,洪都航空,56.0,趋势强势,28.61,-7.06,-7.445,
20260710,301397.SZ,溯联股份,55.9,趋势强势,37.28,-5.258,-7.028,
20260710,603707.SH,健友股份,55.9,趋势强势,7.49,1.869,6.676,
20260710,002077.SZ,大港股份,55.8,趋势强势,19.17,-5.529,-16.38,
20260710,002349.SZ,精华制药,55.7,趋势强势,6.57,1.979,5.175,
20260710,603501.SH,豪威集团,55.6,趋势强势,103.21,-0.698,7.664,
20260710,688591.SH,泰凌微,55.6,趋势强势,34.66,1.414,-6.03,
20260710,300717.SZ,华信新材,55.5,趋势强势,24.1,-6.888,-2.199,
20260710,002603.SZ,以岭药业,55.4,趋势强势,15.51,6.19,12.444,
20260710,002174.SZ,游族网络,55.2,趋势强势,12.74,-6.75,-1.57,
20260710,002536.SZ,飞龙股份,55.1,趋势强势,52.84,-6.983,5.791,
20260710,301257.SZ,普蕊斯,55.1,趋势强势,50.18,2.989,6.616,
20260710,301316.SZ,慧博云通,55.1,趋势强势,43.7,-4.348,-10.481,
20260710,001201.SZ,东瑞股份,55.0,趋势强势,11.75,0.255,0.511,
20260710,002755.SZ,奥赛康,55.0,趋势强势,14.75,-2.712,-1.898,
