ts_code,symbol,display_code,name,board,exchange,market_raw,sw_l1_code,sw_l1_name,sw_l2_code,sw_l2_name,sw_l2_display,list_status,list_date,list_age_days,list_age_years,close,pct_chg,chip_concentration_70,is_st,is_normal_listed,has_latest_quote,suspend_days_20,suspend_days_40,suspend_days_60,suspend_days_90,default_passed,default_reject_reasons
688001.SH,688001,688001,华兴源创,科创板,沪市,科创板,801890.SI,机械设备,801072.SI,通用设备,通用设备,L,20190722,2618,7.17,75.17,-0.265,34.416,False,True,True,0,0,0,0,True,
688002.SH,688002,688002,睿创微纳,科创板,沪市,科创板,801740.SI,国防军工,801745.SI,军工电子Ⅱ,军工电子Ⅱ,L,20190722,2618,7.17,186.73,-0.037,14.414,False,True,True,0,0,0,0,True,
688003.SH,688003,688003,天准科技,科创板,沪市,科创板,801890.SI,机械设备,801078.SI,自动化设备,自动化设备,L,20190722,2618,7.17,82.2,-1.792,12.346,False,True,True,0,0,0,0,True,
688004.SH,688004,688004,博汇科技,科创板,沪市,科创板,801750.SI,计算机,801103.SI,IT服务Ⅱ,IT服务Ⅱ,L,20200612,2292,6.28,33.93,-3.799,13.372,False,True,True,0,0,0,0,True,
688005.SH,688005,688005,容百科技,科创板,沪市,科创板,801730.SI,电力设备,801737.SI,电池,电池,L,20190722,2618,7.17,23.92,-0.582,18.919,False,True,True,0,0,0,0,True,
688006.SH,688006,688006,杭可科技,科创板,沪市,科创板,801730.SI,电力设备,801737.SI,电池,电池,L,20190722,2618,7.17,20.95,0.048,29.63,False,True,True,0,0,0,0,True,
688007.SH,688007,688007,光峰科技,科创板,沪市,科创板,801080.SI,电子,801085.SI,消费电子,消费电子,L,20190722,2618,7.17,11.19,8.012,17.143,False,True,True,0,0,0,0,True,
688008.SH,688008,688008,澜起科技,科创板,沪市,科创板,801080.SI,电子,801081.SI,半导体,半导体,L,20190722,2618,7.17,210.1,3.738,12.8,False,True,True,0,0,0,0,True,
688009.SH,688009,688009,中国通号,科创板,沪市,科创板,801890.SI,机械设备,801076.SI,轨交设备Ⅱ,轨交设备Ⅱ,L,20190722,2618,7.17,4.7,0.642,14.0,False,True,True,0,0,0,0,True,
688010.SH,688010,688010,福光股份,科创板,沪市,科创板,801080.SI,电子,801084.SI,光学光电子,光学光电子,L,20190722,2618,7.17,28.32,1.871,11.111,False,True,True,0,0,0,0,True,
688011.SH,688011,688011,新光光电,科创板,沪市,科创板,801740.SI,国防军工,801745.SI,军工电子Ⅱ,军工电子Ⅱ,L,20190722,2618,7.17,75.0,-5.063,20.455,False,True,True,0,0,0,0,True,
688012.SH,688012,688012,中微公司,科创板,沪市,科创板,801080.SI,电子,801081.SI,半导体,半导体,L,20190722,2618,7.17,353.55,-0.386,15.068,False,True,True,0,0,0,0,True,
688013.SH,688013,688013,天臣医疗,科创板,沪市,科创板,801150.SI,医药生物,801153.SI,医疗器械,医疗器械,L,20200928,2184,5.98,23.68,5.573,17.073,False,True,True,0,0,0,0,True,
688015.SH,688015,688015,交控科技,科创板,沪市,科创板,801890.SI,机械设备,801076.SI,轨交设备Ⅱ,轨交设备Ⅱ,L,20190722,2618,7.17,16.48,2.424,36.585,False,True,True,0,0,0,0,True,
688016.SH,688016,688016,心脉医疗,科创板,沪市,科创板,801150.SI,医药生物,801153.SI,医疗器械,医疗器械,L,20190722,2618,7.17,86.08,1.557,10.526,False,True,True,0,0,0,0,True,
688017.SH,688017,688017,绿的谐波,科创板,沪市,科创板,801890.SI,机械设备,801078.SI,自动化设备,自动化设备,L,20200828,2215,6.06,288.88,-1.815,17.391,False,True,True,0,0,0,0,True,
688018.SH,688018,688018,乐鑫科技,科创板,沪市,科创板,801080.SI,电子,801081.SI,半导体,半导体,L,20190722,2618,7.17,112.3,0.17,15.517,False,True,True,0,0,0,0,True,
688019.SH,688019,688019,安集科技,科创板,沪市,科创板,801080.SI,电子,801086.SI,电子化学品Ⅱ,电子化学品Ⅱ,L,20190722,2618,7.17,232.9,-0.809,13.699,False,True,True,0,0,0,0,True,
688020.SH,688020,688020,方邦股份,科创板,沪市,科创板,801080.SI,电子,801083.SI,元件,元件,L,20190722,2618,7.17,153.7,2.33,14.286,False,True,True,0,0,0,0,True,
688021.SH,688021,688021,奥福科技,科创板,沪市,科创板,801880.SI,汽车,801093.SI,汽车零部件,汽车零部件,L,20191106,2511,6.87,19.72,2.335,12.0,False,True,True,0,0,0,0,True,
688023.SH,688023,688023,安恒信息,科创板,沪市,科创板,801750.SI,计算机,801104.SI,软件开发,软件开发,L,20191105,2512,6.88,46.79,6.293,11.111,False,True,True,0,0,0,0,True,
688025.SH,688025,688025,杰普特,科创板,沪市,科创板,801890.SI,机械设备,801078.SI,自动化设备,自动化设备,L,20191031,2517,6.89,447.0,1.003,16.484,False,True,True,0,0,0,0,True,
688026.SH,688026,688026,洁特生物,科创板,沪市,科创板,801150.SI,医药生物,801153.SI,医疗器械,医疗器械,L,20200122,2434,6.66,25.22,19.981,23.077,False,True,True,0,0,0,0,True,
688027.SH,688027,688027,国盾量子,科创板,沪市,科创板,801770.SI,通信,801102.SI,通信设备,通信设备,L,20200709,2265,6.2,359.06,0.017,17.188,False,True,True,0,0,0,0,True,
688028.SH,688028,688028,沃尔德,科创板,沪市,科创板,801890.SI,机械设备,801072.SI,通用设备,通用设备,L,20190722,2618,7.17,124.3,-2.218,21.333,False,True,True,0,0,0,0,True,
688029.SH,688029,688029,南微医学,科创板,沪市,科创板,801150.SI,医药生物,801153.SI,医疗器械,医疗器械,L,20190722,2618,7.17,84.83,5.014,13.636,False,True,True,0,0,0,0,True,
688030.SH,688030,688030,山石网科,科创板,沪市,科创板,801750.SI,计算机,801104.SI,软件开发,软件开发,L,20190930,2548,6.98,18.45,3.073,11.628,False,True,True,0,0,0,0,True,
688031.SH,688031,688031,星环科技,科创板,沪市,科创板,801750.SI,计算机,801104.SI,软件开发,软件开发,L,20221018,1434,3.93,111.95,0.089,11.111,False,True,True,0,0,0,0,True,
688032.SH,688032,688032,禾迈股份,科创板,沪市,科创板,801730.SI,电力设备,801735.SI,光伏设备,光伏设备,L,20211220,1736,4.75,70.02,0.589,31.034,False,True,True,0,0,0,0,True,
688035.SH,688035,688035,德邦科技,科创板,沪市,科创板,801080.SI,电子,801086.SI,电子化学品Ⅱ,电子化学品Ⅱ,L,20220919,1463,4.01,85.4,8.804,18.889,False,True,True,0,0,0,0,True,
688036.SH,688036,688036,传音控股,科创板,沪市,科创板,801080.SI,电子,801085.SI,消费电子,消费电子,L,20190930,2548,6.98,54.45,3.184,17.073,False,True,True,0,0,0,0,True,
688037.SH,688037,688037,芯源微,科创板,沪市,科创板,801080.SI,电子,801081.SI,半导体,半导体,L,20191216,2471,6.77,356.0,-2.192,16.049,False,True,True,0,0,0,0,True,
688038.SH,688038,688038,中科通达,科创板,沪市,科创板,801750.SI,计算机,801104.SI,软件开发,软件开发,L,20210713,1896,5.19,19.28,1.957,12.088,False,True,True,0,0,0,0,True,
688039.SH,688039,688039,当虹科技,科创板,沪市,科创板,801750.SI,计算机,801103.SI,IT服务Ⅱ,IT服务Ⅱ,L,20191211,2476,6.78,33.63,0.238,16.176,False,True,True,0,0,0,0,True,
688041.SH,688041,688041,海光信息,科创板,沪市,科创板,801080.SI,电子,801081.SI,半导体,半导体,L,20220812,1501,4.11,246.45,2.1,43.511,False,True,True,0,0,0,0,True,
688045.SH,688045,688045,必易微,科创板,沪市,科创板,801080.SI,电子,801081.SI,半导体,半导体,L,20220526,1579,4.32,60.1,-0.414,13.194,False,True,True,0,0,0,0,True,
688046.SH,688046,688046,药康生物,科创板,沪市,科创板,801150.SI,医药生物,801156.SI,医疗服务,医疗服务,L,20220425,1610,4.41,36.78,4.252,21.429,False,True,True,0,0,0,0,True,
688047.SH,688047,688047,龙芯中科,科创板,沪市,科创板,801080.SI,电子,801081.SI,半导体,半导体,L,20220624,1550,4.24,104.58,1.426,40.0,False,True,True,0,0,0,0,True,
688048.SH,688048,688048,长光华芯,科创板,沪市,科创板,801080.SI,电子,801081.SI,半导体,半导体,L,20220401,1634,4.47,362.23,5.915,19.388,False,True,True,0,0,0,0,True,
688049.SH,688049,688049,炬芯科技,科创板,沪市,科创板,801080.SI,电子,801081.SI,半导体,半导体,L,20211129,1757,4.81,41.82,0.048,10.145,False,True,True,0,0,0,0,True,
688050.SH,688050,688050,爱博医疗,科创板,沪市,科创板,801150.SI,医药生物,801153.SI,医疗器械,医疗器械,L,20200729,2245,6.15,38.95,3.37,9.091,False,True,True,0,0,0,0,True,
688051.SH,688051,688051,佳华科技,科创板,沪市,科创板,801750.SI,计算机,801103.SI,IT服务Ⅱ,IT服务Ⅱ,L,20200320,2376,6.51,25.99,8.427,10.0,False,True,True,0,0,0,0,True,
688052.SH,688052,688052,纳芯微,科创板,沪市,科创板,801080.SI,电子,801081.SI,半导体,半导体,L,20220422,1613,4.42,252.1,0.651,19.847,False,True,True,0,0,0,0,True,
688055.SH,688055,688055,龙腾光电,科创板,沪市,科创板,801080.SI,电子,801084.SI,光学光电子,光学光电子,L,20200817,2226,6.09,3.77,1.072,38.636,False,True,True,0,0,0,0,True,
688056.SH,688056,688056,莱伯泰科,科创板,沪市,科创板,801890.SI,机械设备,801072.SI,通用设备,通用设备,L,20200902,2210,6.05,43.58,3.05,25.962,False,True,True,0,0,0,0,True,
688057.SH,688057,688057,金达莱,科创板,沪市,科创板,801970.SI,环保,801971.SI,环境治理,环境治理,L,20201111,2140,5.86,16.57,2.032,16.949,False,True,True,0,0,0,0,True,
688058.SH,688058,688058,宝兰德,科创板,沪市,科创板,801750.SI,计算机,801104.SI,软件开发,软件开发,L,20191101,2516,6.89,24.58,1.444,20.69,False,True,True,0,0,0,0,True,
688059.SH,688059,688059,华锐精密,科创板,沪市,科创板,801890.SI,机械设备,801072.SI,通用设备,通用设备,L,20210208,2051,5.62,90.78,2.925,11.628,False,True,True,0,0,0,0,True,
688060.SH,688060,688060,云涌科技,科创板,沪市,科创板,801750.SI,计算机,801101.SI,计算机设备,计算机设备,L,20200710,2264,6.2,36.61,1.638,38.095,False,True,True,0,0,0,0,True,
688061.SH,688061,688061,灿瑞科技,科创板,沪市,科创板,801080.SI,电子,801081.SI,半导体,半导体,L,20221018,1434,3.93,46.2,1.829,24.324,False,True,True,0,0,0,0,True,
688062.SH,688062,688062,迈威生物,科创板,沪市,科创板,801150.SI,医药生物,801151.SI,化学制药,化学制药,L,20220118,1707,4.67,28.06,5.41,27.143,False,True,True,0,0,0,0,True,
688063.SH,688063,688063,派能科技,科创板,沪市,科创板,801730.SI,电力设备,801737.SI,电池,电池,L,20201230,2091,5.72,41.37,-0.768,10.526,False,True,True,0,0,0,0,True,
688065.SH,688065,688065,凯赛生物,科创板,沪市,科创板,801030.SI,基础化工,801034.SI,化学制品,化学制品,L,20200812,2231,6.11,38.61,1.632,20.0,False,True,True,0,0,0,0,True,
688067.SH,688067,688067,爱威科技,科创板,沪市,科创板,801150.SI,医药生物,801153.SI,医疗器械,医疗器械,L,20210616,1923,5.26,23.3,2.824,16.0,False,True,True,0,0,0,0,True,
688068.SH,688068,688068,热景生物,科创板,沪市,科创板,801150.SI,医药生物,801153.SI,医疗器械,医疗器械,L,20190930,2548,6.98,96.09,8.871,28.302,False,True,True,0,0,0,0,True,
688069.SH,688069,688069,德林海,科创板,沪市,科创板,801970.SI,环保,801971.SI,环境治理,环境治理,L,20200722,2252,6.17,38.76,5.584,18.333,False,True,True,0,0,0,0,True,
688070.SH,688070,688070,纵横股份,科创板,沪市,科创板,801740.SI,国防军工,801742.SI,航空装备Ⅱ,航空装备Ⅱ,L,20210210,2049,5.61,35.0,5.868,15.116,False,True,True,0,0,0,0,True,
688071.SH,688071,688071,华依科技,科创板,沪市,科创板,801890.SI,机械设备,801074.SI,专用设备,专用设备,L,20210729,1880,5.15,35.3,5.091,14.118,False,True,True,0,0,0,0,True,
688073.SH,688073,688073,毕得医药,科创板,沪市,科创板,801150.SI,医药生物,801156.SI,医疗服务,医疗服务,L,20221011,1441,3.95,71.76,5.282,17.722,False,True,True,0,0,0,0,True,
688075.SH,688075,688075,安旭生物,科创板,沪市,科创板,801150.SI,医药生物,801153.SI,医疗器械,医疗器械,L,20211118,1768,4.84,29.69,2.415,36.667,False,True,True,0,0,0,0,True,
688077.SH,688077,688077,大地熊,科创板,沪市,科创板,801050.SI,有色金属,801051.SI,金属新材料,金属新材料,L,20200722,2252,6.17,27.3,1.487,13.043,False,True,True,0,0,0,0,True,
688078.SH,688078,688078,龙软科技,科创板,沪市,科创板,801750.SI,计算机,801104.SI,软件开发,软件开发,L,20191230,2457,6.73,30.32,4.696,26.154,False,True,True,0,0,0,0,True,
688079.SH,688079,688079,美迪凯,科创板,沪市,科创板,801080.SI,电子,801084.SI,光学光电子,光学光电子,L,20210302,2029,5.56,17.34,2.969,15.0,False,True,True,0,0,0,0,True,
688080.SH,688080,688080,映翰通,科创板,沪市,科创板,801770.SI,通信,801102.SI,通信设备,通信设备,L,20200212,2413,6.61,38.18,2.387,16.393,False,True,True,0,0,0,0,True,
688081.SH,688081,688081,兴图新科,科创板,沪市,科创板,801740.SI,国防军工,801745.SI,军工电子Ⅱ,军工电子Ⅱ,L,20200106,2450,6.71,26.76,0.943,38.571,False,True,True,0,0,0,0,True,
688082.SH,688082,688082,盛美上海,科创板,沪市,科创板,801080.SI,电子,801081.SI,半导体,半导体,L,20211118,1768,4.84,293.5,0.249,40.0,False,True,True,0,0,0,0,True,
688083.SH,688083,688083,中望软件,科创板,沪市,科创板,801750.SI,计算机,801104.SI,软件开发,软件开发,L,20210311,2020,5.53,51.51,0.645,15.385,False,True,True,0,0,0,0,True,
688084.SH,688084,688084,晶品特装,科创板,沪市,科创板,801740.SI,国防军工,801745.SI,军工电子Ⅱ,军工电子Ⅱ,L,20221208,1383,3.79,44.35,2.189,12.281,False,True,True,0,0,0,0,True,
688085.SH,688085,688085,三友医疗,科创板,沪市,科创板,801150.SI,医药生物,801153.SI,医疗器械,医疗器械,L,20200409,2356,6.45,12.8,2.646,23.077,False,True,True,0,0,0,0,True,
688087.SH,688087,688087,英科再生,科创板,沪市,科创板,801030.SI,基础化工,801036.SI,塑料,塑料,L,20210709,1900,5.2,33.63,1.112,16.667,False,True,True,0,0,0,0,True,
688088.SH,688088,688088,虹软科技,科创板,沪市,科创板,801750.SI,计算机,801103.SI,IT服务Ⅱ,IT服务Ⅱ,L,20190722,2618,7.17,29.62,-0.135,19.512,False,True,True,0,0,0,0,True,
688090.SH,688090,688090,瑞松科技,科创板,沪市,科创板,801890.SI,机械设备,801078.SI,自动化设备,自动化设备,L,20200217,2408,6.59,88.0,1.605,22.222,False,True,True,0,0,0,0,True,
688091.SH,688091,688091,上海谊众,科创板,沪市,科创板,801150.SI,医药生物,801151.SI,化学制药,化学制药,L,20210909,1838,5.03,41.65,4.569,9.877,False,True,True,0,0,0,0,True,
688092.SH,688092,688092,爱科科技,科创板,沪市,科创板,801890.SI,机械设备,801074.SI,专用设备,专用设备,L,20210319,2012,5.51,21.92,2.766,28.571,False,True,True,0,0,0,0,True,
688093.SH,688093,688093,世华科技,科创板,沪市,科创板,801080.SI,电子,801082.SI,其他电子Ⅱ,其他电子Ⅱ,L,20200930,2182,5.97,22.51,-0.793,47.761,False,True,True,0,0,0,0,True,
688095.SH,688095,688095,福昕软件,科创板,沪市,科创板,801750.SI,计算机,801104.SI,软件开发,软件开发,L,20200908,2204,6.03,57.24,-0.487,12.195,False,True,True,0,0,0,0,True,
688096.SH,688096,688096,京源环保,科创板,沪市,科创板,801970.SI,环保,801971.SI,环境治理,环境治理,L,20200409,2356,6.45,7.61,0.264,16.049,False,True,True,0,0,0,0,True,
688097.SH,688097,688097,博众精工,科创板,沪市,科创板,801890.SI,机械设备,801078.SI,自动化设备,自动化设备,L,20210512,1958,5.36,45.63,-1.913,37.634,False,True,True,0,0,0,0,True,
688098.SH,688098,688098,申联生物,科创板,沪市,科创板,801010.SI,农林牧渔,801018.SI,动物保健Ⅱ,动物保健Ⅱ,L,20191028,2520,6.9,8.68,4.077,13.953,False,True,True,0,0,0,0,True,
688099.SH,688099,688099,晶晨股份,科创板,沪市,科创板,801080.SI,电子,801081.SI,半导体,半导体,L,20190808,2601,7.12,89.19,0.78,12.987,False,True,True,0,0,0,0,True,
688100.SH,688100,688100,威胜信息,科创板,沪市,科创板,801770.SI,通信,801102.SI,通信设备,通信设备,L,20200121,2435,6.67,24.82,0.608,45.333,False,True,True,0,0,0,0,True,
688101.SH,688101,688101,三达膜,科创板,沪市,科创板,801970.SI,环保,801971.SI,环境治理,环境治理,L,20191115,2502,6.85,14.68,1.102,21.29,False,True,True,0,0,0,0,True,
688102.SH,688102,688102,斯瑞新材,科创板,沪市,科创板,801050.SI,有色金属,801051.SI,金属新材料,金属新材料,L,20220316,1650,4.52,31.25,-0.794,26.154,False,True,True,0,0,0,0,True,
688103.SH,688103,688103,国力电子,科创板,沪市,科创板,801080.SI,电子,801082.SI,其他电子Ⅱ,其他电子Ⅱ,L,20210910,1837,5.03,84.36,6.677,13.008,False,True,True,0,0,0,0,True,
688105.SH,688105,688105,诺唯赞,科创板,沪市,科创板,801150.SI,医药生物,801152.SI,生物制品,生物制品,L,20211115,1771,4.85,22.9,5.094,21.053,False,True,True,0,0,0,0,True,
688106.SH,688106,688106,金宏气体,科创板,沪市,科创板,801080.SI,电子,801086.SI,电子化学品Ⅱ,电子化学品Ⅱ,L,20200616,2288,6.26,27.4,-1.616,11.94,False,True,True,0,0,0,0,True,
688107.SH,688107,688107,安路科技,科创板,沪市,科创板,801080.SI,电子,801081.SI,半导体,半导体,L,20211112,1774,4.86,30.33,-0.066,31.579,False,True,True,0,0,0,0,True,
688108.SH,688108,688108,赛诺医疗,科创板,沪市,科创板,801150.SI,医药生物,801153.SI,医疗器械,医疗器械,L,20191030,2518,6.89,15.94,1.983,17.857,False,True,True,0,0,0,0,True,
688109.SH,688109,688109,品茗科技,科创板,沪市,科创板,801750.SI,计算机,801104.SI,软件开发,软件开发,L,20210330,2001,5.48,73.53,-1.302,16.667,False,True,True,0,0,0,0,True,
688110.SH,688110,688110,东芯股份,科创板,沪市,科创板,801080.SI,电子,801081.SI,半导体,半导体,L,20211210,1746,4.78,120.51,-1.512,8.333,False,True,True,0,0,0,0,True,
688111.SH,688111,688111,金山办公,科创板,沪市,科创板,801750.SI,计算机,801104.SI,软件开发,软件开发,L,20191118,2499,6.84,223.59,-0.009,18.75,False,True,True,0,0,0,0,True,
688112.SH,688112,688112,鼎阳科技,科创板,沪市,科创板,801890.SI,机械设备,801072.SI,通用设备,通用设备,L,20211201,1755,4.8,91.79,20.003,30.435,False,True,True,0,0,0,0,True,
688113.SH,688113,688113,联测科技,科创板,沪市,科创板,801890.SI,机械设备,801074.SI,专用设备,专用设备,L,20210506,1964,5.38,35.5,1.982,15.254,False,True,True,0,0,0,0,True,
688114.SH,688114,688114,华大智造,科创板,沪市,科创板,801150.SI,医药生物,801153.SI,医疗器械,医疗器械,L,20220909,1473,4.03,73.11,1.584,24.691,False,True,True,0,0,0,0,True,
688115.SH,688115,688115,思林杰,科创板,沪市,科创板,801890.SI,机械设备,801072.SI,通用设备,通用设备,L,20220314,1652,4.52,62.82,-3.576,22.093,False,True,True,0,0,0,0,True,
688116.SH,688116,688116,天奈科技,科创板,沪市,科创板,801730.SI,电力设备,801737.SI,电池,电池,L,20190925,2553,6.99,33.53,-1.815,14.286,False,True,True,0,0,0,0,True,
688117.SH,688117,688117,圣诺生物,科创板,沪市,科创板,801150.SI,医药生物,801151.SI,化学制药,化学制药,L,20210603,1936,5.3,24.56,2.121,15.0,False,True,True,0,0,0,0,True,
688118.SH,688118,688118,普元信息,科创板,沪市,科创板,801750.SI,计算机,801104.SI,软件开发,软件开发,L,20191204,2483,6.8,19.61,1.239,11.765,False,True,True,0,0,0,0,True,
688119.SH,688119,688119,中钢洛耐,科创板,沪市,科创板,801710.SI,建筑材料,801713.SI,装修建材,装修建材,L,20220606,1568,4.29,3.89,2.1,32.5,False,True,True,0,0,0,0,True,
688120.SH,688120,688120,华海清科,科创板,沪市,科创板,801080.SI,电子,801081.SI,半导体,半导体,L,20220608,1566,4.29,257.6,-2.213,13.402,False,True,True,0,0,0,0,True,
688122.SH,688122,688122,西部超导,科创板,沪市,科创板,801740.SI,国防军工,801742.SI,航空装备Ⅱ,航空装备Ⅱ,L,20190722,2618,7.17,50.73,1.379,14.035,False,True,True,0,0,0,0,True,
688123.SH,688123,688123,聚辰股份,科创板,沪市,科创板,801080.SI,电子,801081.SI,半导体,半导体,L,20191223,2464,6.75,156.0,6.849,14.783,False,True,True,0,0,0,0,True,
688125.SH,688125,688125,安达智能,科创板,沪市,科创板,801890.SI,机械设备,801078.SI,自动化设备,自动化设备,L,20220415,1620,4.44,124.9,1.224,50.909,False,True,True,0,0,0,0,True,
688126.SH,688126,688126,沪硅产业,科创板,沪市,科创板,801080.SI,电子,801081.SI,半导体,半导体,L,20200420,2345,6.42,24.66,1.024,16.393,False,True,True,0,0,0,0,True,
688127.SH,688127,688127,蓝特光学,科创板,沪市,科创板,801080.SI,电子,801084.SI,光学光电子,光学光电子,L,20200921,2191,6.0,67.56,-4.157,10.714,False,True,True,0,0,0,0,True,
688128.SH,688128,688128,中国电研,科创板,沪市,科创板,801890.SI,机械设备,801074.SI,专用设备,专用设备,L,20191105,2512,6.88,22.02,0.365,28.205,False,True,True,0,0,0,0,True,
688129.SH,688129,688129,东来技术,科创板,沪市,科创板,801030.SI,基础化工,801034.SI,化学制品,化学制品,L,20201023,2159,5.91,22.84,5.253,30.137,False,True,True,0,0,0,0,True,
688130.SH,688130,688130,晶华微,科创板,沪市,科创板,801080.SI,电子,801081.SI,半导体,半导体,L,20220729,1515,4.15,26.3,1.938,13.333,False,True,True,0,0,0,0,True,
688131.SH,688131,688131,皓元医药,科创板,沪市,科创板,801150.SI,医药生物,801156.SI,医疗服务,医疗服务,L,20210608,1931,5.29,102.18,3.526,13.889,False,True,True,0,0,0,0,True,
688132.SH,688132,688132,邦彦技术,科创板,沪市,科创板,801740.SI,国防军工,801745.SI,军工电子Ⅱ,军工电子Ⅱ,L,20220923,1459,3.99,16.4,-0.726,25.0,False,True,True,0,0,0,0,True,
688133.SH,688133,688133,泰坦科技,科创板,沪市,科创板,801030.SI,基础化工,801034.SI,化学制品,化学制品,L,20201030,2152,5.89,22.04,7.094,15.385,False,True,True,0,0,0,0,True,
688135.SH,688135,688135,利扬芯片,科创板,沪市,科创板,801080.SI,电子,801081.SI,半导体,半导体,L,20201111,2140,5.86,36.37,-12.761,15.183,False,True,True,0,0,0,0,True,
688136.SH,688136,688136,科兴制药,科创板,沪市,科创板,801150.SI,医药生物,801152.SI,生物制品,生物制品,L,20201214,2107,5.77,23.9,13.864,14.286,False,True,True,0,0,0,0,True,
688137.SH,688137,688137,近岸蛋白,科创板,沪市,科创板,801150.SI,医药生物,801152.SI,生物制品,生物制品,L,20220929,1453,3.98,118.84,20.004,39.516,False,True,True,0,0,0,0,True,
688138.SH,688138,688138,清溢光电,科创板,沪市,科创板,801080.SI,电子,801081.SI,半导体,半导体,L,20191120,2497,6.84,37.62,-0.843,12.5,False,True,True,0,0,0,0,True,
688139.SH,688139,688139,海尔生物,科创板,沪市,科创板,801150.SI,医药生物,801153.SI,医疗器械,医疗器械,L,20191025,2523,6.91,34.14,8.865,16.0,False,True,True,0,0,0,0,True,
688141.SH,688141,688141,杰华特,科创板,沪市,科创板,801080.SI,电子,801081.SI,半导体,半导体,L,20221223,1368,3.75,114.73,1.379,20.29,False,True,True,0,0,0,0,True,
688143.SH,688143,688143,长盈通,科创板,沪市,科创板,801770.SI,通信,801102.SI,通信设备,通信设备,L,20221212,1379,3.78,205.07,4.884,13.043,False,True,True,0,0,0,4,True,
688146.SH,688146,688146,中船特气,科创板,沪市,科创板,801080.SI,电子,801081.SI,半导体,半导体,L,20230421,1249,3.42,238.03,-0.489,7.143,False,True,True,0,0,0,4,True,
688147.SH,688147,688147,微导纳米,科创板,沪市,科创板,801730.SI,电力设备,801735.SI,光伏设备,光伏设备,L,20221223,1368,3.75,115.99,-4.926,21.277,False,True,True,0,0,0,0,True,
688148.SH,688148,688148,芳源股份,科创板,沪市,科创板,801730.SI,电力设备,801737.SI,电池,电池,L,20210806,1872,5.13,6.03,0.5,16.129,False,True,True,0,0,0,0,True,
688150.SH,688150,688150,莱特光电,科创板,沪市,科创板,801080.SI,电子,801086.SI,电子化学品Ⅱ,电子化学品Ⅱ,L,20220318,1648,4.51,42.52,-1.574,16.176,False,True,True,0,0,0,0,True,
688151.SH,688151,688151,华强科技,科创板,沪市,科创板,801150.SI,医药生物,801153.SI,医疗器械,医疗器械,L,20211206,1750,4.79,17.42,4.374,21.429,False,True,True,0,0,0,0,True,
688152.SH,688152,688152,麒麟信安,科创板,沪市,科创板,801750.SI,计算机,801104.SI,软件开发,软件开发,L,20221028,1424,3.9,37.1,2.713,10.0,False,True,True,0,0,0,0,True,
688153.SH,688153,688153,唯捷创芯,科创板,沪市,科创板,801080.SI,电子,801081.SI,半导体,半导体,L,20220412,1623,4.44,25.98,1.208,25.0,False,True,True,0,0,0,0,True,
688155.SH,688155,688155,先惠技术,科创板,沪市,科创板,801730.SI,电力设备,801737.SI,电池,电池,L,20200811,2232,6.11,53.75,-1.934,19.118,False,True,True,0,0,0,0,True,
688156.SH,688156,688156,路德科技,科创板,沪市,科创板,801010.SI,农林牧渔,801014.SI,饲料,饲料,L,20200922,2190,6.0,23.6,6.067,13.158,False,True,True,0,0,0,0,True,
688157.SH,688157,688157,松井股份,科创板,沪市,科创板,801030.SI,基础化工,801034.SI,化学制品,化学制品,L,20200609,2295,6.28,19.25,2.448,23.684,False,True,True,0,0,0,0,True,
688158.SH,688158,688158,优刻得,科创板,沪市,科创板,801750.SI,计算机,801103.SI,IT服务Ⅱ,IT服务Ⅱ,L,20200120,2436,6.67,29.9,0.639,20.0,False,True,True,0,0,0,0,True,
688159.SH,688159,688159,有方科技,科创板,沪市,科创板,801770.SI,通信,801102.SI,通信设备,通信设备,L,20200123,2433,6.66,37.23,1.916,12.644,False,True,True,0,0,0,0,True,
688160.SH,688160,688160,步科股份,科创板,沪市,科创板,801890.SI,机械设备,801078.SI,自动化设备,自动化设备,L,20201112,2139,5.86,97.79,0.143,16.535,False,True,True,0,0,0,0,True,
688161.SH,688161,688161,威高骨科,科创板,沪市,科创板,801150.SI,医药生物,801153.SI,医疗器械,医疗器械,L,20210630,1909,5.23,21.85,2.39,37.037,False,True,True,0,0,0,0,True,
688162.SH,688162,688162,巨一科技,科创板,沪市,科创板,801890.SI,机械设备,801074.SI,专用设备,专用设备,L,20211110,1776,4.86,24.74,1.602,41.176,False,True,True,0,0,0,0,True,
688163.SH,688163,688163,赛伦生物,科创板,沪市,科创板,801150.SI,医药生物,801152.SI,生物制品,生物制品,L,20220311,1655,4.53,36.96,2.496,43.678,False,True,True,0,0,0,0,True,
688165.SH,688165,688165,埃夫特,科创板,沪市,科创板,801890.SI,机械设备,801078.SI,自动化设备,自动化设备,L,20200715,2259,6.18,14.78,-0.938,29.762,False,True,True,0,0,0,0,True,
688166.SH,688166,688166,博瑞医药,科创板,沪市,科创板,801150.SI,医药生物,801151.SI,化学制药,化学制药,L,20191108,2509,6.87,36.26,3.511,15.152,False,True,True,0,0,0,0,True,
688167.SH,688167,688167,炬光科技,科创板,沪市,科创板,801080.SI,电子,801081.SI,半导体,半导体,L,20211224,1732,4.74,299.51,-3.886,10.345,False,True,True,0,0,0,0,True,
688168.SH,688168,688168,安博通,科创板,沪市,科创板,801750.SI,计算机,801104.SI,软件开发,软件开发,L,20190906,2572,7.04,46.71,4.731,22.5,False,True,True,0,0,0,0,True,
688169.SH,688169,688169,石头科技,科创板,沪市,科创板,801110.SI,家用电器,801113.SI,小家电,小家电,L,20200221,2404,6.58,118.6,0.0,20.0,False,True,True,0,0,0,0,True,
688170.SH,688170,688170,德龙激光,科创板,沪市,科创板,801890.SI,机械设备,801078.SI,自动化设备,自动化设备,L,20220429,1606,4.4,68.91,-2.005,13.953,False,True,True,0,0,0,0,True,
688171.SH,688171,688171,纬德信息,科创板,沪市,科创板,801750.SI,计算机,801104.SI,软件开发,软件开发,L,20220127,1698,4.65,22.59,-3.585,20.755,False,True,True,0,0,0,0,True,
688172.SH,688172,688172,燕东微,科创板,沪市,科创板,801080.SI,电子,801081.SI,半导体,半导体,L,20221216,1375,3.76,47.6,1.471,57.778,False,True,True,0,0,0,0,True,
688173.SH,688173,688173,希荻微,科创板,沪市,科创板,801080.SI,电子,801081.SI,半导体,半导体,L,20220121,1704,4.67,13.17,0.611,15.152,False,True,True,0,0,0,0,True,
688175.SH,688175,688175,高凌信息,科创板,沪市,科创板,801740.SI,国防军工,801745.SI,军工电子Ⅱ,军工电子Ⅱ,L,20220315,1651,4.52,21.98,1.104,23.438,False,True,True,0,0,0,0,True,
688176.SH,688176,688176,亚虹医药,科创板,沪市,科创板,801150.SI,医药生物,801151.SI,化学制药,化学制药,L,20220107,1718,4.7,14.73,15.984,14.062,False,True,True,0,0,0,0,True,
688177.SH,688177,688177,百奥泰,科创板,沪市,科创板,801150.SI,医药生物,801152.SI,生物制品,生物制品,L,20200221,2404,6.58,19.36,12.558,27.66,False,True,True,0,0,0,0,True,
688178.SH,688178,688178,万德斯,科创板,沪市,科创板,801970.SI,环保,801971.SI,环境治理,环境治理,L,20200114,2442,6.69,28.93,-1.965,18.31,False,True,True,0,0,0,0,True,
688179.SH,688179,688179,阿拉丁,科创板,沪市,科创板,801030.SI,基础化工,801034.SI,化学制品,化学制品,L,20201026,2156,5.9,22.6,10.568,18.0,False,True,True,0,0,0,0,True,
688180.SH,688180,688180,君实生物,科创板,沪市,科创板,801150.SI,医药生物,801152.SI,生物制品,生物制品,L,20200715,2259,6.18,34.97,4.92,18.182,False,True,True,0,0,0,0,True,
688181.SH,688181,688181,八亿时空,科创板,沪市,科创板,801080.SI,电子,801084.SI,光学光电子,光学光电子,L,20200106,2450,6.71,47.09,3.608,18.692,False,True,True,0,0,0,0,True,
688182.SH,688182,688182,灿勤科技,科创板,沪市,科创板,801770.SI,通信,801102.SI,通信设备,通信设备,L,20211116,1770,4.85,29.42,0.926,33.333,False,True,True,0,0,0,0,True,
688183.SH,688183,688183,生益电子,科创板,沪市,科创板,801080.SI,电子,801083.SI,元件,元件,L,20210225,2034,5.57,120.86,-0.281,18.954,False,True,True,0,0,0,0,True,
688185.SH,688185,688185,康希诺,科创板,沪市,科创板,801150.SI,医药生物,801152.SI,生物制品,生物制品,L,20200813,2230,6.11,72.46,6.481,11.765,False,True,True,0,0,0,0,True,
688186.SH,688186,688186,广大特材,科创板,沪市,科创板,801730.SI,电力设备,801736.SI,风电设备,风电设备,L,20200211,2414,6.61,14.32,1.416,12.5,False,True,True,0,0,0,0,True,
688187.SH,688187,688187,时代电气,科创板,沪市,科创板,801890.SI,机械设备,801076.SI,轨交设备Ⅱ,轨交设备Ⅱ,L,20210907,1840,5.04,45.73,0.0,26.506,False,True,True,0,0,0,0,True,
688188.SH,688188,688188,柏楚电子,科创板,沪市,科创板,801750.SI,计算机,801101.SI,计算机设备,计算机设备,L,20190808,2601,7.12,95.67,0.315,16.176,False,True,True,0,0,0,0,True,
688190.SH,688190,688190,云路股份,科创板,沪市,科创板,801050.SI,有色金属,801051.SI,金属新材料,金属新材料,L,20211126,1760,4.82,73.73,2.417,46.988,False,True,True,0,0,0,0,True,
688191.SH,688191,688191,智洋创新,科创板,沪市,科创板,801730.SI,电力设备,801738.SI,电网设备,电网设备,L,20210408,1992,5.45,21.58,1.22,17.073,False,True,True,0,0,0,0,True,
688192.SH,688192,688192,迪哲医药,科创板,沪市,科创板,801150.SI,医药生物,801151.SI,化学制药,化学制药,L,20211210,1746,4.78,60.39,5.117,15.862,False,True,True,0,0,0,0,True,
688193.SH,688193,688193,仁度生物,科创板,沪市,科创板,801150.SI,医药生物,801153.SI,医疗器械,医疗器械,L,20220330,1636,4.48,46.79,2.722,17.526,False,True,True,0,0,0,0,True,
688195.SH,688195,688195,腾景科技,科创板,沪市,科创板,801080.SI,电子,801084.SI,光学光电子,光学光电子,L,20210326,2005,5.49,190.1,-4.702,10.638,False,True,True,0,0,0,0,True,
688196.SH,688196,688196,卓越新能,科创板,沪市,科创板,801030.SI,基础化工,801034.SI,化学制品,化学制品,L,20191121,2496,6.83,33.9,1.986,15.909,False,True,True,0,0,0,0,True,
688197.SH,688197,688197,首药控股,科创板,沪市,科创板,801150.SI,医药生物,801151.SI,化学制药,化学制药,L,20220323,1643,4.5,38.8,9.946,16.667,False,True,True,0,0,0,0,True,
688198.SH,688198,688198,佰仁医疗,科创板,沪市,科创板,801150.SI,医药生物,801153.SI,医疗器械,医疗器械,L,20191209,2478,6.78,74.2,2.19,41.463,False,True,True,0,0,0,0,True,
688199.SH,688199,688199,久日新材,科创板,沪市,科创板,801030.SI,基础化工,801034.SI,化学制品,化学制品,L,20191105,2512,6.88,25.37,1.156,10.169,False,True,True,0,0,0,0,True,
688200.SH,688200,688200,华峰测控,科创板,沪市,科创板,801080.SI,电子,801081.SI,半导体,半导体,L,20200218,2407,6.59,398.38,-2.341,15.73,False,True,True,0,0,0,0,True,
688202.SH,688202,688202,美迪西,科创板,沪市,科创板,801150.SI,医药生物,801156.SI,医疗服务,医疗服务,L,20191105,2512,6.88,109.85,3.437,13.793,False,True,True,0,0,0,0,True,
688203.SH,688203,688203,海正生材,科创板,沪市,科创板,801030.SI,基础化工,801036.SI,塑料,塑料,L,20220816,1497,4.1,19.55,10.639,37.838,False,True,True,0,0,0,0,True,
688205.SH,688205,688205,德科立,科创板,沪市,科创板,801770.SI,通信,801102.SI,通信设备,通信设备,L,20220809,1504,4.12,243.12,10.585,10.37,False,True,True,0,0,0,0,True,
688206.SH,688206,688206,概伦电子,科创板,沪市,科创板,801750.SI,计算机,801104.SI,软件开发,软件开发,L,20211228,1728,4.73,38.02,-3.6,19.192,False,True,True,0,0,0,0,True,
688207.SH,688207,688207,格灵深瞳,科创板,沪市,科创板,801750.SI,计算机,801103.SI,IT服务Ⅱ,IT服务Ⅱ,L,20220317,1649,4.51,19.24,-3.559,10.526,False,True,True,0,0,0,0,True,
688208.SH,688208,688208,道通科技,科创板,沪市,科创板,801750.SI,计算机,801101.SI,计算机设备,计算机设备,L,20200213,2412,6.6,25.21,1.326,13.462,False,True,True,0,0,0,0,True,
688209.SH,688209,688209,英集芯,科创板,沪市,科创板,801080.SI,电子,801081.SI,半导体,半导体,L,20220419,1616,4.42,36.7,-1.688,12.088,False,True,True,0,0,0,0,True,
688210.SH,688210,688210,统联精密,科创板,沪市,科创板,801080.SI,电子,801085.SI,消费电子,消费电子,L,20211227,1729,4.73,29.41,3.739,24.0,False,True,True,0,0,0,0,True,
688211.SH,688211,688211,中科微至,科创板,沪市,科创板,801890.SI,机械设备,801074.SI,专用设备,专用设备,L,20211026,1791,4.9,32.18,1.964,19.753,False,True,True,0,0,0,0,True,
688212.SH,688212,688212,澳华内镜,科创板,沪市,科创板,801150.SI,医药生物,801153.SI,医疗器械,医疗器械,L,20211115,1771,4.85,28.52,3.333,13.793,False,True,True,0,0,0,0,True,
688213.SH,688213,688213,思特威,科创板,沪市,科创板,801080.SI,电子,801081.SI,半导体,半导体,L,20220520,1585,4.34,92.35,-2.016,8.654,False,True,True,0,0,0,0,True,
688215.SH,688215,688215,瑞晟智能,科创板,沪市,科创板,801890.SI,机械设备,801078.SI,自动化设备,自动化设备,L,20200828,2215,6.06,47.83,-0.354,22.807,False,True,True,0,0,0,0,True,
688216.SH,688216,688216,气派科技,科创板,沪市,科创板,801080.SI,电子,801081.SI,半导体,半导体,L,20210623,1916,5.25,41.12,6.007,18.947,False,True,True,0,0,0,0,True,
688217.SH,688217,688217,睿昂基因,科创板,沪市,科创板,801150.SI,医药生物,801153.SI,医疗器械,医疗器械,L,20210517,1953,5.35,25.01,4.732,15.0,False,True,True,0,0,0,0,True,
688218.SH,688218,688218,江苏北人,科创板,沪市,科创板,801890.SI,机械设备,801078.SI,自动化设备,自动化设备,L,20191211,2476,6.78,40.22,-2.45,8.738,False,True,True,0,0,0,0,True,
688219.SH,688219,688219,会通股份,科创板,沪市,科创板,801030.SI,基础化工,801036.SI,塑料,塑料,L,20201118,2133,5.84,10.29,1.379,20.0,False,True,True,0,0,0,0,True,
688220.SH,688220,688220,翱捷科技,科创板,沪市,科创板,801080.SI,电子,801081.SI,半导体,半导体,L,20220114,1711,4.68,97.7,-2.602,17.213,False,True,True,0,0,0,0,True,
688221.SH,688221,688221,前沿生物,科创板,沪市,科创板,801150.SI,医药生物,801151.SI,化学制药,化学制药,L,20201028,2154,5.9,17.33,5.414,27.059,False,True,True,0,0,0,0,True,
688222.SH,688222,688222,成都先导,科创板,沪市,科创板,801150.SI,医药生物,801156.SI,医疗服务,医疗服务,L,20200416,2349,6.43,45.48,13.785,31.507,False,True,True,0,0,0,0,True,
688223.SH,688223,688223,晶科能源,科创板,沪市,科创板,801730.SI,电力设备,801735.SI,光伏设备,光伏设备,L,20220126,1699,4.65,3.89,0.258,17.5,False,True,True,0,0,0,0,True,
688225.SH,688225,688225,亚信安全,科创板,沪市,科创板,801750.SI,计算机,801104.SI,软件开发,软件开发,L,20220209,1685,4.61,14.48,7.339,12.121,False,True,True,0,0,0,0,True,
688226.SH,688226,688226,威腾电气,科创板,沪市,科创板,801730.SI,电力设备,801738.SI,电网设备,电网设备,L,20210707,1902,5.21,28.79,-0.312,8.333,False,True,True,0,0,0,0,True,
688227.SH,688227,688227,品高股份,科创板,沪市,科创板,801750.SI,计算机,801103.SI,IT服务Ⅱ,IT服务Ⅱ,L,20211230,1726,4.73,75.05,-3.299,17.284,False,True,True,0,0,0,0,True,
688228.SH,688228,688228,开普云,科创板,沪市,科创板,801750.SI,计算机,801103.SI,IT服务Ⅱ,IT服务Ⅱ,L,20200327,2369,6.49,82.84,3.68,11.475,False,True,True,0,0,0,0,True,
688229.SH,688229,688229,博睿数据,科创板,沪市,科创板,801750.SI,计算机,801103.SI,IT服务Ⅱ,IT服务Ⅱ,L,20200817,2226,6.09,61.22,-0.179,19.643,False,True,True,0,0,0,0,True,
688230.SH,688230,688230,芯导科技,科创板,沪市,科创板,801080.SI,电子,801081.SI,半导体,半导体,L,20211201,1755,4.8,61.69,0.735,35.938,False,True,True,0,0,0,0,True,
688231.SH,688231,688231,隆达股份,科创板,沪市,科创板,801050.SI,有色金属,801051.SI,金属新材料,金属新材料,L,20220722,1522,4.17,35.18,10.768,24.051,False,True,True,0,0,0,0,True,
688232.SH,688232,688232,新点软件,科创板,沪市,科创板,801750.SI,计算机,801104.SI,软件开发,软件开发,L,20211117,1769,4.84,17.53,0.459,28.261,False,True,True,0,0,0,0,True,
688233.SH,688233,688233,神工股份,科创板,沪市,科创板,801080.SI,电子,801081.SI,半导体,半导体,L,20200221,2404,6.58,104.05,0.222,14.286,False,True,True,0,0,0,0,True,
688234.SH,688234,688234,天岳先进,科创板,沪市,科创板,801080.SI,电子,801081.SI,半导体,半导体,L,20220112,1713,4.69,106.38,-0.857,19.828,False,True,True,0,0,0,0,True,
688235.SH,688235,688235,百济神州,科创板,沪市,科创板,801150.SI,医药生物,801151.SI,化学制药,化学制药,L,20211215,1741,4.77,267.62,4.539,14.286,False,True,True,0,0,0,0,True,
688236.SH,688236,688236,春立医疗,科创板,沪市,科创板,801150.SI,医药生物,801153.SI,医疗器械,医疗器械,L,20211230,1726,4.73,14.18,2.605,40.816,False,True,True,0,0,0,0,True,
688238.SH,688238,688238,和元生物,科创板,沪市,科创板,801150.SI,医药生物,801156.SI,医疗服务,医疗服务,L,20220322,1644,4.5,7.39,5.874,14.706,False,True,True,0,0,0,0,True,
688239.SH,688239,688239,航宇科技,科创板,沪市,科创板,801740.SI,国防军工,801742.SI,航空装备Ⅱ,航空装备Ⅱ,L,20210705,1904,5.21,57.88,2.081,15.73,False,True,True,0,0,0,0,True,
688244.SH,688244,688244,永信至诚,科创板,沪市,科创板,801750.SI,计算机,801104.SI,软件开发,软件开发,L,20221019,1433,3.92,16.36,2.893,15.19,False,True,True,0,0,0,0,True,
688246.SH,688246,688246,嘉和美康,科创板,沪市,科创板,801750.SI,计算机,801104.SI,软件开发,软件开发,L,20211214,1742,4.77,17.17,5.08,18.182,False,True,True,0,0,0,0,True,
688247.SH,688247,688247,宣泰医药,科创板,沪市,科创板,801150.SI,医药生物,801151.SI,化学制药,化学制药,L,20220825,1488,4.07,9.96,7.676,17.021,False,True,True,0,0,0,0,True,
688248.SH,688248,688248,南网科技,科创板,沪市,科创板,801730.SI,电力设备,801738.SI,电网设备,电网设备,L,20211222,1734,4.75,51.45,-6.861,39.506,False,True,True,0,0,0,0,True,
688249.SH,688249,688249,晶合集成,科创板,沪市,科创板,801080.SI,电子,801081.SI,半导体,半导体,L,20230505,1235,3.38,36.55,-0.544,55.446,False,True,True,0,0,0,0,True,
688251.SH,688251,688251,井松智能,科创板,沪市,科创板,801750.SI,计算机,801103.SI,IT服务Ⅱ,IT服务Ⅱ,L,20220606,1568,4.29,18.71,1.464,16.418,False,True,True,0,0,0,0,True,
688252.SH,688252,688252,天德钰,科创板,沪市,科创板,801080.SI,电子,801081.SI,半导体,半导体,L,20220927,1455,3.98,21.42,-0.093,19.417,False,True,True,0,0,0,0,True,
688253.SH,688253,688253,英诺特,科创板,沪市,科创板,801150.SI,医药生物,801153.SI,医疗器械,医疗器械,L,20220728,1516,4.15,58.33,2.802,29.452,False,True,True,0,0,0,0,True,
688255.SH,688255,688255,凯尔达,科创板,沪市,科创板,801890.SI,机械设备,801078.SI,自动化设备,自动化设备,L,20211025,1792,4.91,26.43,2.165,8.527,False,True,True,0,0,0,0,True,
688256.SH,688256,688256,寒武纪,科创板,沪市,科创板,801080.SI,电子,801081.SI,半导体,半导体,L,20200720,2254,6.17,1112.77,-0.033,22.807,False,True,True,0,0,0,0,True,
688257.SH,688257,688257,新锐股份,科创板,沪市,科创板,801890.SI,机械设备,801072.SI,通用设备,通用设备,L,20211027,1790,4.9,59.57,2.354,14.0,False,True,True,0,0,0,0,True,
688258.SH,688258,688258,卓易信息,科创板,沪市,科创板,801750.SI,计算机,801103.SI,IT服务Ⅱ,IT服务Ⅱ,L,20191209,2478,6.78,87.25,-3.485,20.588,False,True,True,0,0,0,0,True,
688259.SH,688259,688259,创耀科技,科创板,沪市,科创板,801080.SI,电子,801081.SI,半导体,半导体,L,20220112,1713,4.69,32.13,0.658,26.923,False,True,True,0,0,0,0,True,
688261.SH,688261,688261,东微半导,科创板,沪市,科创板,801080.SI,电子,801081.SI,半导体,半导体,L,20220210,1684,4.61,79.32,-2.519,16.327,False,True,True,0,0,0,0,True,
688262.SH,688262,688262,国芯科技,科创板,沪市,科创板,801080.SI,电子,801081.SI,半导体,半导体,L,20220106,1719,4.71,28.46,0.708,8.696,False,True,True,0,0,0,0,True,
688265.SH,688265,688265,南模生物,科创板,沪市,科创板,801150.SI,医药生物,801156.SI,医疗服务,医疗服务,L,20211228,1728,4.73,48.6,8.531,19.417,False,True,True,0,0,0,0,True,
688266.SH,688266,688266,泽璟制药,科创板,沪市,科创板,801150.SI,医药生物,801151.SI,化学制药,化学制药,L,20200123,2433,6.66,119.37,6.771,19.048,False,True,True,0,0,0,0,True,
688267.SH,688267,688267,中触媒,科创板,沪市,科创板,801030.SI,基础化工,801034.SI,化学制品,化学制品,L,20220216,1678,4.59,22.66,3.85,24.49,False,True,True,0,0,0,0,True,
688268.SH,688268,688268,华特气体,科创板,沪市,科创板,801080.SI,电子,801086.SI,电子化学品Ⅱ,电子化学品Ⅱ,L,20191226,2461,6.74,136.17,-1.476,13.402,False,True,True,0,0,0,0,True,
688269.SH,688269,688269,凯立新材,科创板,沪市,科创板,801030.SI,基础化工,801034.SI,化学制品,化学制品,L,20210609,1930,5.28,28.14,4.571,28.947,False,True,True,0,0,0,0,True,
688271.SH,688271,688271,联影医疗,科创板,沪市,科创板,801150.SI,医药生物,801153.SI,医疗器械,医疗器械,L,20220822,1491,4.08,102.58,1.564,16.129,False,True,True,0,0,0,0,True,
688272.SH,688272,688272,富吉瑞,科创板,沪市,科创板,801740.SI,国防军工,801745.SI,军工电子Ⅱ,军工电子Ⅱ,L,20211018,1799,4.93,28.62,2.876,14.085,False,True,True,0,0,0,0,True,
688273.SH,688273,688273,麦澜德,科创板,沪市,科创板,801150.SI,医药生物,801153.SI,医疗器械,医疗器械,L,20220811,1502,4.11,29.5,2.609,16.667,False,True,True,0,0,0,0,True,
688275.SH,688275,688275,万润新能,科创板,沪市,科创板,801730.SI,电力设备,801737.SI,电池,电池,L,20220929,1453,3.98,70.39,-1.276,20.339,False,True,True,0,0,0,0,True,
688276.SH,688276,688276,百克生物,科创板,沪市,科创板,801150.SI,医药生物,801152.SI,生物制品,生物制品,L,20210625,1914,5.24,17.75,5.655,23.077,False,True,True,0,0,0,0,True,
688278.SH,688278,688278,特宝生物,科创板,沪市,科创板,801150.SI,医药生物,801152.SI,生物制品,生物制品,L,20200117,2439,6.68,51.65,0.291,19.277,False,True,True,0,0,0,0,True,
688279.SH,688279,688279,峰岹科技,科创板,沪市,科创板,801080.SI,电子,801081.SI,半导体,半导体,L,20220420,1615,4.42,215.13,2.722,21.818,False,True,True,0,0,0,0,True,
688280.SH,688280,688280,精进电动,科创板,沪市,科创板,801880.SI,汽车,801093.SI,汽车零部件,汽车零部件,L,20211027,1790,4.9,4.99,-0.399,14.815,False,True,True,0,0,0,0,True,
688281.SH,688281,688281,华秦科技,科创板,沪市,科创板,801740.SI,国防军工,801742.SI,航空装备Ⅱ,航空装备Ⅱ,L,20220307,1659,4.54,52.51,2.961,17.0,False,True,True,0,0,0,0,True,
688282.SH,688282,688282,理工导航,科创板,沪市,科创板,801740.SI,国防军工,801741.SI,航天装备Ⅱ,航天装备Ⅱ,L,20220318,1648,4.51,53.95,0.653,30.986,False,True,True,0,0,0,0,True,
688283.SH,688283,688283,坤恒顺维,科创板,沪市,科创板,801770.SI,通信,801102.SI,通信设备,通信设备,L,20220215,1679,4.6,30.85,12.88,39.437,False,True,True,0,0,0,0,True,
688285.SH,688285,688285,高铁电气,科创板,沪市,科创板,801890.SI,机械设备,801076.SI,轨交设备Ⅱ,轨交设备Ⅱ,L,20211020,1797,4.92,7.59,1.606,26.316,False,True,True,0,0,0,0,True,
688286.SH,688286,688286,敏芯股份,科创板,沪市,科创板,801080.SI,电子,801081.SI,半导体,半导体,L,20200810,2233,6.11,48.84,-0.57,9.524,False,True,True,0,0,0,0,True,
688288.SH,688288,688288,鸿泉技术,科创板,沪市,科创板,801750.SI,计算机,801101.SI,计算机设备,计算机设备,L,20191106,2511,6.87,18.2,1.167,15.217,False,True,True,0,0,0,0,True,
688289.SH,688289,688289,圣湘生物,科创板,沪市,科创板,801150.SI,医药生物,801153.SI,医疗器械,医疗器械,L,20200828,2215,6.06,16.53,3.055,15.0,False,True,True,0,0,0,0,True,
688290.SH,688290,688290,景业智能,科创板,沪市,科创板,801890.SI,机械设备,801078.SI,自动化设备,自动化设备,L,20220429,1606,4.4,63.39,-1.415,19.626,False,True,True,0,0,0,0,True,
688292.SH,688292,688292,浩瀚深度,科创板,沪市,科创板,801750.SI,计算机,801101.SI,计算机设备,计算机设备,L,20220818,1495,4.09,22.17,-3.692,26.087,False,True,True,0,0,0,0,True,
688293.SH,688293,688293,奥浦迈,科创板,沪市,科创板,801150.SI,医药生物,801152.SI,生物制品,生物制品,L,20220902,1480,4.05,75.45,6.718,22.105,False,True,True,0,0,0,0,True,
688295.SH,688295,688295,中复神鹰,科创板,沪市,科创板,801030.SI,基础化工,801032.SI,化学纤维,化学纤维,L,20220406,1629,4.46,38.11,-1.575,41.739,False,True,True,0,0,0,0,True,
688296.SH,688296,688296,和达科技,科创板,沪市,科创板,801750.SI,计算机,801104.SI,软件开发,软件开发,L,20210727,1882,5.15,26.5,-0.226,10.769,False,True,True,0,0,0,0,True,
688297.SH,688297,688297,中无人机,科创板,沪市,科创板,801740.SI,国防军工,801742.SI,航空装备Ⅱ,航空装备Ⅱ,L,20220629,1545,4.23,44.0,1.758,12.15,False,True,True,0,0,0,0,True,
688298.SH,688298,688298,东方生物,科创板,沪市,科创板,801150.SI,医药生物,801153.SI,医疗器械,医疗器械,L,20200205,2420,6.63,18.62,4.08,12.5,False,True,True,0,0,0,0,True,
688299.SH,688299,688299,长阳科技,科创板,沪市,科创板,801080.SI,电子,801084.SI,光学光电子,光学光电子,L,20191106,2511,6.87,13.7,4.421,14.063,False,True,True,0,0,0,0,True,
688300.SH,688300,688300,联瑞新材,科创板,沪市,科创板,801030.SI,基础化工,801039.SI,非金属材料Ⅱ,非金属材料Ⅱ,L,20191115,2502,6.85,174.78,-1.143,8.163,False,True,True,0,0,0,0,True,
688301.SH,688301,688301,奕瑞科技,科创板,沪市,科创板,801150.SI,医药生物,801153.SI,医疗器械,医疗器械,L,20200918,2194,6.01,89.85,-1.534,13.462,False,True,True,0,0,0,0,True,
688302.SH,688302,688302,海创药业,科创板,沪市,科创板,801150.SI,医药生物,801151.SI,化学制药,化学制药,L,20220412,1623,4.44,32.93,6.26,23.256,False,True,True,0,0,0,0,True,
688303.SH,688303,688303,大全能源,科创板,沪市,科创板,801730.SI,电力设备,801735.SI,光伏设备,光伏设备,L,20210722,1887,5.17,16.36,0.122,36.957,False,True,True,0,0,0,0,True,
688305.SH,688305,688305,科德数控,科创板,沪市,科创板,801890.SI,机械设备,801072.SI,通用设备,通用设备,L,20210709,1900,5.2,57.84,-0.224,17.808,False,True,True,0,0,0,0,True,
688306.SH,688306,688306,均普智能,科创板,沪市,科创板,801890.SI,机械设备,801078.SI,自动化设备,自动化设备,L,20220322,1644,4.5,9.88,9.292,17.204,False,True,True,0,0,0,0,True,
688307.SH,688307,688307,中润光学,科创板,沪市,科创板,801750.SI,计算机,801101.SI,计算机设备,计算机设备,L,20230216,1313,3.59,48.44,-0.534,12.821,False,True,True,0,0,0,0,True,
688308.SH,688308,688308,欧科亿,科创板,沪市,科创板,801890.SI,机械设备,801072.SI,通用设备,通用设备,L,20201210,2111,5.78,88.4,0.284,15.556,False,True,True,0,0,0,0,True,
688309.SH,688309,688309,恒誉科技,科创板,沪市,科创板,801970.SI,环保,801972.SI,环保设备Ⅱ,环保设备Ⅱ,L,20200714,2260,6.19,78.99,1.373,15.789,False,True,True,0,0,0,0,True,
688310.SH,688310,688310,迈得医疗,科创板,沪市,科创板,801890.SI,机械设备,801078.SI,自动化设备,自动化设备,L,20191203,2484,6.8,15.97,3.232,17.881,False,True,True,0,0,0,0,True,
688311.SH,688311,688311,盟升电子,科创板,沪市,科创板,801740.SI,国防军工,801745.SI,军工电子Ⅱ,军工电子Ⅱ,L,20200731,2243,6.14,24.03,2.255,10.345,False,True,True,0,0,0,0,True,
688312.SH,688312,688312,燕麦科技,科创板,沪市,科创板,801890.SI,机械设备,801074.SI,专用设备,专用设备,L,20200608,2296,6.29,55.47,7.5,16.129,False,True,True,0,0,0,0,True,
688313.SH,688313,688313,仕佳光子,科创板,沪市,科创板,801770.SI,通信,801102.SI,通信设备,通信设备,L,20200812,2231,6.11,171.5,0.657,14.583,False,True,True,0,0,0,0,True,
688314.SH,688314,688314,康拓医疗,科创板,沪市,科创板,801150.SI,医药生物,801153.SI,医疗器械,医疗器械,L,20210518,1952,5.34,31.31,3.641,26.087,False,True,True,0,0,0,0,True,
688315.SH,688315,688315,诺禾致源,科创板,沪市,科创板,801150.SI,医药生物,801156.SI,医疗服务,医疗服务,L,20210413,1987,5.44,18.18,20.0,20.513,False,True,True,0,0,0,0,True,
688316.SH,688316,688316,青云科技,科创板,沪市,科创板,801750.SI,计算机,801103.SI,IT服务Ⅱ,IT服务Ⅱ,L,20210316,2015,5.52,46.39,0.738,17.241,False,True,True,0,0,0,0,True,
688317.SH,688317,688317,之江生物,科创板,沪市,科创板,801150.SI,医药生物,801153.SI,医疗器械,医疗器械,L,20210118,2072,5.67,17.13,3.944,18.605,False,True,True,0,0,0,0,True,
688318.SH,688318,688318,财富趋势,科创板,沪市,科创板,801750.SI,计算机,801104.SI,软件开发,软件开发,L,20200427,2338,6.4,84.13,4.483,16.0,False,True,True,0,0,0,0,True,
688319.SH,688319,688319,欧林生物,科创板,沪市,科创板,801150.SI,医药生物,801152.SI,生物制品,生物制品,L,20210608,1931,5.29,28.75,3.791,12.676,False,True,True,0,0,0,0,True,
688320.SH,688320,688320,禾川科技,科创板,沪市,科创板,801890.SI,机械设备,801078.SI,自动化设备,自动化设备,L,20220428,1607,4.4,35.83,6.637,15.663,False,True,True,0,0,0,0,True,
688321.SH,688321,688321,微芯生物,科创板,沪市,科创板,801150.SI,医药生物,801151.SI,化学制药,化学制药,L,20190812,2597,7.11,26.23,4.836,20.455,False,True,True,0,0,0,0,True,
688322.SH,688322,688322,奥比中光,科创板,沪市,科创板,801080.SI,电子,801084.SI,光学光电子,光学光电子,L,20220707,1537,4.21,91.14,-1.342,20.833,False,True,True,0,0,0,0,True,
688323.SH,688323,688323,瑞华泰,科创板,沪市,科创板,801030.SI,基础化工,801036.SI,塑料,塑料,L,20210428,1972,5.4,26.9,1.128,7.692,False,True,True,0,0,0,0,True,
688325.SH,688325,688325,赛微微电,科创板,沪市,科创板,801080.SI,电子,801081.SI,半导体,半导体,L,20220422,1613,4.42,107.87,-1.118,19.78,False,True,True,0,0,0,0,True,
688326.SH,688326,688326,经纬恒润,科创板,沪市,科创板,801750.SI,计算机,801104.SI,软件开发,软件开发,L,20220419,1616,4.42,58.55,0.188,27.5,False,True,True,0,0,0,0,True,
688327.SH,688327,688327,云从科技,科创板,沪市,科创板,801750.SI,计算机,801103.SI,IT服务Ⅱ,IT服务Ⅱ,L,20220527,1578,4.32,9.98,-0.1,9.804,False,True,True,0,0,0,0,True,
688328.SH,688328,688328,深科达,科创板,沪市,科创板,801890.SI,机械设备,801074.SI,专用设备,专用设备,L,20210309,2022,5.54,84.9,-0.118,10.37,False,True,True,0,0,0,0,True,
688329.SH,688329,688329,艾隆科技,科创板,沪市,科创板,801890.SI,机械设备,801078.SI,自动化设备,自动化设备,L,20210329,2002,5.48,21.85,0.183,16.667,False,True,True,0,0,0,0,True,
688330.SH,688330,688330,宏力达,科创板,沪市,科创板,801730.SI,电力设备,801738.SI,电网设备,电网设备,L,20201015,2167,5.93,36.86,1.375,19.565,False,True,True,0,0,0,0,True,
688331.SH,688331,688331,荣昌生物,科创板,沪市,科创板,801150.SI,医药生物,801152.SI,生物制品,生物制品,L,20220331,1635,4.48,125.0,8.847,14.815,False,True,True,0,0,0,0,True,
688332.SH,688332,688332,中科蓝讯,科创板,沪市,科创板,801080.SI,电子,801081.SI,半导体,半导体,L,20220715,1529,4.19,93.82,-1.284,12.903,False,True,True,0,0,0,0,True,
688333.SH,688333,688333,铂力特,科创板,沪市,科创板,801890.SI,机械设备,801072.SI,通用设备,通用设备,L,20190722,2618,7.17,105.8,-1.37,10.87,False,True,True,0,0,0,0,True,
688334.SH,688334,688334,西高院,科创板,沪市,科创板,801210.SI,社会服务,801218.SI,专业服务,专业服务,L,20230619,1190,3.26,18.07,0.95,18.478,False,True,True,0,0,0,0,True,
688335.SH,688335,688335,复洁科技,科创板,沪市,科创板,801970.SI,环保,801971.SI,环境治理,环境治理,L,20200817,2226,6.09,18.26,0.44,28.0,False,True,True,0,0,0,0,True,
688336.SH,688336,688336,三生国健,科创板,沪市,科创板,801150.SI,医药生物,801152.SI,生物制品,生物制品,L,20200722,2252,6.17,42.15,4.125,26.0,False,True,True,0,0,0,0,True,
688337.SH,688337,688337,普源精电,科创板,沪市,科创板,801890.SI,机械设备,801072.SI,通用设备,通用设备,L,20220408,1627,4.45,47.65,8.074,16.667,False,True,True,0,0,0,0,True,
688338.SH,688338,688338,赛科希德,科创板,沪市,科创板,801150.SI,医药生物,801153.SI,医疗器械,医疗器械,L,20200806,2237,6.12,31.7,7.167,12.0,False,True,True,0,0,0,0,True,
688339.SH,688339,688339,亿华通,科创板,沪市,科创板,801730.SI,电力设备,801737.SI,电池,电池,L,20200810,2233,6.11,17.07,1.246,13.793,False,True,True,0,0,0,0,True,
688343.SH,688343,688343,云天励飞,科创板,沪市,科创板,801750.SI,计算机,801103.SI,IT服务Ⅱ,IT服务Ⅱ,L,20230404,1266,3.47,65.21,-0.595,19.178,False,True,True,0,0,0,0,True,
688345.SH,688345,688345,博力威,科创板,沪市,科创板,801730.SI,电力设备,801737.SI,电池,电池,L,20210611,1928,5.28,49.78,-1.211,15.517,False,True,True,0,0,0,0,True,
688347.SH,688347,688347,华虹宏力,科创板,沪市,科创板,801080.SI,电子,801081.SI,半导体,半导体,L,20230807,1141,3.12,231.94,-0.88,15.0,False,True,True,0,0,0,0,True,
688348.SH,688348,688348,昱能科技,科创板,沪市,科创板,801730.SI,电力设备,801735.SI,光伏设备,光伏设备,L,20220608,1566,4.29,30.28,0.398,18.75,False,True,True,0,0,0,0,True,
688349.SH,688349,688349,三一重能,科创板,沪市,科创板,801730.SI,电力设备,801736.SI,风电设备,风电设备,L,20220622,1552,4.25,13.18,0.304,14.286,False,True,True,0,0,0,0,True,
688350.SH,688350,688350,富淼科技,科创板,沪市,科创板,801030.SI,基础化工,801034.SI,化学制品,化学制品,L,20210128,2062,5.65,28.06,2.26,16.783,False,True,True,0,0,0,0,True,
688351.SH,688351,688351,微电生理,科创板,沪市,科创板,801150.SI,医药生物,801153.SI,医疗器械,医疗器械,L,20220831,1482,4.06,17.85,0.281,31.034,False,True,True,0,0,0,0,True,
688352.SH,688352,688352,颀中科技,科创板,沪市,科创板,801080.SI,电子,801081.SI,半导体,半导体,L,20230420,1250,3.42,19.81,1.746,14.754,False,True,True,0,0,0,0,True,
688353.SH,688353,688353,华盛锂电,科创板,沪市,科创板,801730.SI,电力设备,801737.SI,电池,电池,L,20220713,1531,4.19,83.59,-0.642,14.706,False,True,True,0,0,0,0,True,
688355.SH,688355,688355,明志科技,科创板,沪市,科创板,801890.SI,机械设备,801072.SI,通用设备,通用设备,L,20210512,1958,5.36,16.66,0.97,25.862,False,True,True,0,0,0,0,True,
688356.SH,688356,688356,键凯科技,科创板,沪市,科创板,801150.SI,医药生物,801151.SI,化学制药,化学制药,L,20200826,2217,6.07,91.1,6.537,13.514,False,True,True,0,0,0,0,True,
688357.SH,688357,688357,建龙微纳,科创板,沪市,科创板,801030.SI,基础化工,801034.SI,化学制品,化学制品,L,20191204,2483,6.8,26.56,4.075,31.818,False,True,True,0,0,0,0,True,
688358.SH,688358,688358,祥生医疗,科创板,沪市,科创板,801150.SI,医药生物,801153.SI,医疗器械,医疗器械,L,20191203,2484,6.8,28.55,2.809,18.644,False,True,True,0,0,0,0,True,
688359.SH,688359,688359,三孚新科,科创板,沪市,科创板,801080.SI,电子,801086.SI,电子化学品Ⅱ,电子化学品Ⅱ,L,20210521,1949,5.34,113.21,4.95,15.254,False,True,True,0,0,0,0,True,
688360.SH,688360,688360,德马科技,科创板,沪市,科创板,801890.SI,机械设备,801072.SI,通用设备,通用设备,L,20200602,2302,6.3,15.8,5.333,25.974,False,True,True,0,0,0,0,True,
688361.SH,688361,688361,中科飞测,科创板,沪市,科创板,801080.SI,电子,801081.SI,半导体,半导体,L,20230519,1221,3.34,386.99,0.163,19.108,False,True,True,0,0,0,0,True,
688362.SH,688362,688362,甬矽电子,科创板,沪市,科创板,801080.SI,电子,801081.SI,半导体,半导体,L,20221116,1405,3.85,63.51,-1.976,10.256,False,True,True,0,0,0,0,True,
688363.SH,688363,688363,华熙生物,科创板,沪市,科创板,801980.SI,美容护理,801983.SI,医疗美容,医疗美容,L,20191106,2511,6.87,35.25,2.322,15.385,False,True,True,0,0,0,0,True,
688365.SH,688365,688365,光云科技,科创板,沪市,科创板,801750.SI,计算机,801103.SI,IT服务Ⅱ,IT服务Ⅱ,L,20200429,2336,6.4,14.66,2.949,12.5,False,True,True,0,0,0,0,True,
688366.SH,688366,688366,昊海生科,科创板,沪市,科创板,801150.SI,医药生物,801153.SI,医疗器械,医疗器械,L,20191030,2518,6.89,29.86,3.429,31.579,False,True,True,0,0,0,0,True,
688367.SH,688367,688367,工大高科,科创板,沪市,科创板,801890.SI,机械设备,801076.SI,轨交设备Ⅱ,轨交设备Ⅱ,L,20210628,1911,5.23,30.25,0.498,12.0,False,True,True,0,0,0,0,True,
688368.SH,688368,688368,晶丰明源,科创板,沪市,科创板,801080.SI,电子,801081.SI,半导体,半导体,L,20191014,2534,6.94,146.85,-1.443,18.421,False,True,True,0,0,0,0,True,
688369.SH,688369,688369,致远互联,科创板,沪市,科创板,801750.SI,计算机,801104.SI,软件开发,软件开发,L,20191031,2517,6.89,19.43,2.371,12.0,False,True,True,0,0,0,0,True,
688370.SH,688370,688370,丛麟科技,科创板,沪市,科创板,801970.SI,环保,801971.SI,环境治理,环境治理,L,20220825,1488,4.07,26.86,4.636,26.667,False,True,True,0,0,0,0,True,
688371.SH,688371,688371,菲沃泰,科创板,沪市,科创板,801080.SI,电子,801086.SI,电子化学品Ⅱ,电子化学品Ⅱ,L,20220802,1511,4.14,25.33,-3.578,22.727,False,True,True,0,0,0,0,True,
688372.SH,688372,688372,伟测科技,科创板,沪市,科创板,801080.SI,电子,801081.SI,半导体,半导体,L,20221026,1426,3.9,117.19,-2.747,13.514,False,True,True,0,0,0,0,True,
688373.SH,688373,688373,盟科药业,科创板,沪市,科创板,801150.SI,医药生物,801151.SI,化学制药,化学制药,L,20220805,1508,4.13,5.94,9.594,12.5,False,True,True,0,0,0,0,True,
688375.SH,688375,688375,国博电子,科创板,沪市,科创板,801740.SI,国防军工,801745.SI,军工电子Ⅱ,军工电子Ⅱ,L,20220722,1522,4.17,71.26,-0.876,50.0,False,True,True,0,0,0,0,True,
688376.SH,688376,688376,美埃科技,科创板,沪市,科创板,801970.SI,环保,801972.SI,环保设备Ⅱ,环保设备Ⅱ,L,20221118,1403,3.84,64.4,-3.303,35.135,False,True,True,0,0,0,0,True,
688377.SH,688377,688377,迪威尔,科创板,沪市,科创板,801890.SI,机械设备,801074.SI,专用设备,专用设备,L,20200708,2266,6.2,17.39,2.114,63.636,False,True,True,0,0,0,0,True,
688378.SH,688378,688378,奥来德,科创板,沪市,科创板,801080.SI,电子,801084.SI,光学光电子,光学光电子,L,20200903,2209,6.05,52.24,1.044,17.391,False,True,True,0,0,0,0,True,
688379.SH,688379,688379,华光新材,科创板,沪市,科创板,801890.SI,机械设备,801072.SI,通用设备,通用设备,L,20200819,2224,6.09,57.03,1.839,9.524,False,True,True,0,0,0,0,True,
688380.SH,688380,688380,中微半导,科创板,沪市,科创板,801080.SI,电子,801081.SI,半导体,半导体,L,20220805,1508,4.13,41.81,1.161,14.925,False,True,True,0,0,0,0,True,
688381.SH,688381,688381,帝奥微,科创板,沪市,科创板,801080.SI,电子,801081.SI,半导体,半导体,L,20220823,1490,4.08,42.48,0.687,20.213,False,True,True,0,0,0,0,True,
688382.SH,688382,688382,益方生物,科创板,沪市,科创板,801150.SI,医药生物,801151.SI,化学制药,化学制药,L,20220725,1519,4.16,19.77,5.609,16.327,False,True,True,0,0,0,0,True,
688383.SH,688383,688383,新益昌,科创板,沪市,科创板,801890.SI,机械设备,801074.SI,专用设备,专用设备,L,20210428,1972,5.4,142.23,-0.049,21.678,False,True,True,0,0,0,0,True,
688385.SH,688385,688385,复旦微电,科创板,沪市,科创板,801080.SI,电子,801081.SI,半导体,半导体,L,20210804,1874,5.13,59.3,-0.487,12.409,False,True,True,0,0,0,0,True,
688386.SH,688386,688386,泛亚微透,科创板,沪市,科创板,801030.SI,基础化工,801036.SI,塑料,塑料,L,20201016,2166,5.93,46.91,-0.234,17.857,False,True,True,0,0,0,0,True,
688387.SH,688387,688387,信科移动,科创板,沪市,科创板,801770.SI,通信,801102.SI,通信设备,通信设备,L,20220926,1456,3.99,12.72,0.158,18.462,False,True,True,0,0,0,0,True,
688388.SH,688388,688388,嘉元科技,科创板,沪市,科创板,801730.SI,电力设备,801737.SI,电池,电池,L,20190722,2618,7.17,29.5,-4.469,8.333,False,True,True,0,0,0,0,True,
688389.SH,688389,688389,普门科技,科创板,沪市,科创板,801150.SI,医药生物,801153.SI,医疗器械,医疗器械,L,20191105,2512,6.88,11.01,2.134,21.622,False,True,True,0,0,0,0,True,
688390.SH,688390,688390,固德威,科创板,沪市,科创板,801730.SI,电力设备,801735.SI,光伏设备,光伏设备,L,20200904,2208,6.05,59.87,-0.779,15.625,False,True,True,0,0,0,0,True,
688391.SH,688391,688391,钜泉科技,科创板,沪市,科创板,801080.SI,电子,801081.SI,半导体,半导体,L,20220913,1469,4.02,26.45,0.418,34.884,False,True,True,0,0,0,0,True,
688392.SH,688392,688392,骄成超声,科创板,沪市,科创板,801730.SI,电力设备,801737.SI,电池,电池,L,20220927,1455,3.98,172.7,-1.986,15.663,False,True,True,0,0,0,0,True,
688393.SH,688393,688393,安必平,科创板,沪市,科创板,801150.SI,医药生物,801153.SI,医疗器械,医疗器械,L,20200820,2223,6.09,21.9,11.055,12.0,False,True,True,0,0,0,0,True,
688395.SH,688395,688395,正弦电气,科创板,沪市,科创板,801890.SI,机械设备,801078.SI,自动化设备,自动化设备,L,20210429,1971,5.4,24.82,3.159,11.842,False,True,True,0,0,0,0,True,
688396.SH,688396,688396,华润微,科创板,沪市,科创板,801080.SI,电子,801081.SI,半导体,半导体,L,20200227,2398,6.57,61.5,1.168,27.333,False,True,True,0,0,0,0,True,
688398.SH,688398,688398,赛特新材,科创板,沪市,科创板,801030.SI,基础化工,801034.SI,化学制品,化学制品,L,20200211,2414,6.61,24.06,1.008,33.333,False,True,True,0,0,0,0,True,
688399.SH,688399,688399,硕世生物,科创板,沪市,科创板,801150.SI,医药生物,801153.SI,医疗器械,医疗器械,L,20191205,2482,6.8,26.61,5.511,27.273,False,True,True,0,0,0,0,True,
688400.SH,688400,688400,凌云光,科创板,沪市,科创板,801890.SI,机械设备,801074.SI,专用设备,专用设备,L,20220706,1538,4.21,46.93,-0.761,10.256,False,True,True,0,0,0,0,True,
688401.SH,688401,688401,路维光电,科创板,沪市,科创板,801080.SI,电子,801081.SI,半导体,半导体,L,20220817,1496,4.1,68.86,-1.993,9.375,False,True,True,0,0,0,0,True,
688403.SH,688403,688403,汇成股份,科创板,沪市,科创板,801080.SI,电子,801081.SI,半导体,半导体,L,20220818,1495,4.09,25.99,-1.516,10.236,False,True,True,0,0,0,0,True,
688408.SH,688408,688408,中信博,科创板,沪市,科创板,801730.SI,电力设备,801735.SI,光伏设备,光伏设备,L,20200828,2215,6.06,22.86,1.106,18.182,False,True,True,0,0,0,0,True,
688409.SH,688409,688409,富创精密,科创板,沪市,科创板,801080.SI,电子,801081.SI,半导体,半导体,L,20221010,1442,3.95,196.5,-2.19,19.672,False,True,True,0,0,0,0,True,
688410.SH,688410,688410,山外山,科创板,沪市,科创板,801150.SI,医药生物,801153.SI,医疗器械,医疗器械,L,20221226,1365,3.74,10.06,5.561,16.667,False,True,True,0,0,0,0,True,
688416.SH,688416,688416,恒烁股份,科创板,沪市,科创板,801080.SI,电子,801081.SI,半导体,半导体,L,20220829,1484,4.06,80.75,-0.468,10.169,False,True,True,0,0,0,0,True,
688418.SH,688418,688418,震有科技,科创板,沪市,科创板,801770.SI,通信,801102.SI,通信设备,通信设备,L,20200722,2252,6.17,32.19,-1.83,20.732,False,True,True,0,0,0,0,True,
688419.SH,688419,688419,耐科装备,科创板,沪市,科创板,801080.SI,电子,801081.SI,半导体,半导体,L,20221107,1414,3.87,53.0,-0.151,13.492,False,True,True,0,0,0,0,True,
688420.SH,688420,688420,美腾科技,科创板,沪市,科创板,801890.SI,机械设备,801074.SI,专用设备,专用设备,L,20221209,1382,3.78,22.97,7.437,23.423,False,True,True,0,0,0,0,True,
688425.SH,688425,688425,铁建重工,科创板,沪市,科创板,801890.SI,机械设备,801077.SI,工程机械,工程机械,L,20210622,1917,5.25,4.0,1.01,29.787,False,True,True,0,0,0,0,True,
688426.SH,688426,688426,康为世纪,科创板,沪市,科创板,801150.SI,医药生物,801153.SI,医疗器械,医疗器械,L,20221025,1427,3.91,21.28,0.0,19.231,False,True,True,0,0,0,0,True,
688428.SH,688428,688428,诺诚健华,科创板,沪市,科创板,801150.SI,医药生物,801151.SI,化学制药,化学制药,L,20220921,1461,4.0,30.44,7.334,11.644,False,True,True,0,0,0,0,True,
688429.SH,688429,688429,时创能源,科创板,沪市,科创板,801730.SI,电力设备,801735.SI,光伏设备,光伏设备,L,20230629,1180,3.23,9.74,1.67,17.647,False,True,True,0,0,0,0,True,
688433.SH,688433,688433,华曙高科,科创板,沪市,科创板,801890.SI,机械设备,801072.SI,通用设备,通用设备,L,20230417,1253,3.43,90.2,-4.358,26.667,False,True,True,0,0,0,0,True,
688435.SH,688435,688435,英方软件,科创板,沪市,科创板,801750.SI,计算机,801104.SI,软件开发,软件开发,L,20230119,1341,3.67,30.34,2.12,19.608,False,True,True,0,0,0,0,True,
688439.SH,688439,688439,振华风光,科创板,沪市,科创板,801740.SI,国防军工,801745.SI,军工电子Ⅱ,军工电子Ⅱ,L,20220826,1487,4.07,37.97,0.743,20.833,False,True,True,0,0,0,0,True,
688443.SH,688443,688443,智翔金泰,科创板,沪市,科创板,801150.SI,医药生物,801152.SI,生物制品,生物制品,L,20230620,1189,3.26,24.51,7.031,15.966,False,True,True,0,0,0,0,True,
688448.SH,688448,688448,磁谷科技,科创板,沪市,科创板,801890.SI,机械设备,801072.SI,通用设备,通用设备,L,20220921,1461,4.0,71.27,0.225,15.179,False,True,True,0,0,0,0,True,
688450.SH,688450,688450,光格科技,科创板,沪市,科创板,801890.SI,机械设备,801072.SI,通用设备,通用设备,L,20230724,1155,3.16,32.82,0.644,8.537,False,True,True,0,0,0,0,True,
688455.SH,688455,688455,科捷智能,科创板,沪市,科创板,801890.SI,机械设备,801078.SI,自动化设备,自动化设备,L,20220915,1467,4.02,17.68,4.615,24.096,False,True,True,0,0,0,0,True,
688456.SH,688456,688456,有研粉材,科创板,沪市,科创板,801050.SI,有色金属,801051.SI,金属新材料,金属新材料,L,20210317,2014,5.51,77.29,1.231,9.574,False,True,True,0,0,0,0,True,
688458.SH,688458,688458,美芯晟,科创板,沪市,科创板,801080.SI,电子,801081.SI,半导体,半导体,L,20230522,1218,3.33,38.5,0.733,15.556,False,True,True,0,0,0,0,True,
688459.SH,688459,688459,哈铁科技,科创板,沪市,科创板,801890.SI,机械设备,801076.SI,轨交设备Ⅱ,轨交设备Ⅱ,L,20221012,1440,3.94,8.24,1.104,18.889,False,True,True,0,0,0,0,True,
688466.SH,688466,688466,金科环境,科创板,沪市,科创板,801970.SI,环保,801971.SI,环境治理,环境治理,L,20200508,2327,6.37,13.67,1.56,29.412,False,True,True,0,0,0,0,True,
688468.SH,688468,688468,科美诊断,科创板,沪市,科创板,801150.SI,医药生物,801153.SI,医疗器械,医疗器械,L,20210409,1991,5.45,6.48,4.013,22.581,False,True,True,0,0,0,0,True,
688469.SH,688469,688469,芯联集成,科创板,沪市,科创板,801080.SI,电子,801081.SI,半导体,半导体,L,20230510,1230,3.37,8.73,0.115,15.294,False,True,True,0,0,0,0,True,
688472.SH,688472,688472,阿特斯,科创板,沪市,科创板,801730.SI,电力设备,801735.SI,光伏设备,光伏设备,L,20230609,1200,3.29,8.66,0.698,28.0,False,True,True,0,0,0,0,True,
688475.SH,688475,688475,萤石网络,科创板,沪市,科创板,801750.SI,计算机,801101.SI,计算机设备,计算机设备,L,20221228,1363,3.73,28.02,0.036,13.402,False,True,True,0,0,0,0,True,
688478.SH,688478,688478,晶升股份,科创板,沪市,科创板,801080.SI,电子,801081.SI,半导体,半导体,L,20230424,1246,3.41,48.99,1.829,16.667,False,True,True,0,0,0,0,True,
688479.SH,688479,688479,友车科技,科创板,沪市,科创板,801750.SI,计算机,801104.SI,软件开发,软件开发,L,20230511,1229,3.36,34.78,1.105,12.281,False,True,True,0,0,0,0,True,
688480.SH,688480,688480,赛恩斯,科创板,沪市,科创板,801970.SI,环保,801971.SI,环境治理,环境治理,L,20221125,1396,3.82,69.85,0.359,29.032,False,True,True,0,0,0,0,True,
688484.SH,688484,688484,南芯科技,科创板,沪市,科创板,801080.SI,电子,801081.SI,半导体,半导体,L,20230407,1263,3.46,34.99,0.172,15.909,False,True,True,0,0,0,0,True,
688485.SH,688485,688485,九州一轨,科创板,沪市,科创板,801890.SI,机械设备,801076.SI,轨交设备Ⅱ,轨交设备Ⅱ,L,20230118,1342,3.67,114.59,1.407,14.815,False,True,True,0,0,0,0,True,
688486.SH,688486,688486,龙迅股份,科创板,沪市,科创板,801080.SI,电子,801081.SI,半导体,半导体,L,20230221,1308,3.58,47.85,5.072,11.111,False,True,True,0,0,0,0,True,
688488.SH,688488,688488,艾迪药业,科创板,沪市,科创板,801150.SI,医药生物,801152.SI,生物制品,生物制品,L,20200720,2254,6.17,16.6,8.214,17.722,False,True,True,0,0,0,0,True,
688489.SH,688489,688489,三未信安,科创板,沪市,科创板,801750.SI,计算机,801101.SI,计算机设备,计算机设备,L,20221202,1389,3.8,25.62,5.562,26.667,False,True,True,0,0,0,0,True,
688498.SH,688498,688498,源杰科技,科创板,沪市,科创板,801080.SI,电子,801081.SI,半导体,半导体,L,20221221,1370,3.75,1838.56,0.194,24.39,False,True,True,0,0,0,0,True,
688499.SH,688499,688499,利元亨,科创板,沪市,科创板,801730.SI,电力设备,801737.SI,电池,电池,L,20210701,1908,5.22,36.54,2.067,12.069,False,True,True,0,0,0,0,True,
688500.SH,688500,688500,慧辰股份,科创板,沪市,科创板,801750.SI,计算机,801103.SI,IT服务Ⅱ,IT服务Ⅱ,L,20200716,2258,6.18,31.56,-1.529,19.298,False,True,True,0,0,0,0,True,
688501.SH,688501,688501,青达环保,科创板,沪市,科创板,801970.SI,环保,801972.SI,环保设备Ⅱ,环保设备Ⅱ,L,20210716,1893,5.18,16.39,6.429,19.565,False,True,True,0,0,0,0,True,
688502.SH,688502,688502,茂莱光学,科创板,沪市,科创板,801080.SI,电子,801084.SI,光学光电子,光学光电子,L,20230309,1292,3.54,445.5,-1.658,14.085,False,True,True,0,0,0,0,True,
688503.SH,688503,688503,聚和材料,科创板,沪市,科创板,801730.SI,电力设备,801735.SI,光伏设备,光伏设备,L,20221209,1382,3.78,84.2,6.38,17.333,False,True,True,0,0,0,0,True,
688505.SH,688505,688505,复旦张江,科创板,沪市,科创板,801150.SI,医药生物,801151.SI,化学制药,化学制药,L,20200619,2285,6.26,8.19,5.951,17.5,False,True,True,0,0,0,0,True,
688506.SH,688506,688506,百利天恒,科创板,沪市,科创板,801150.SI,医药生物,801151.SI,化学制药,化学制药,L,20230106,1354,3.71,264.93,6.415,33.571,False,True,True,0,0,0,0,True,
688507.SH,688507,688507,索辰科技,科创板,沪市,科创板,801750.SI,计算机,801104.SI,软件开发,软件开发,L,20230418,1252,3.43,147.08,1.197,8.14,False,True,True,0,0,0,0,True,
688508.SH,688508,688508,芯朋微,科创板,沪市,科创板,801080.SI,电子,801081.SI,半导体,半导体,L,20200722,2252,6.17,89.55,-2.578,8.197,False,True,True,0,0,0,0,True,
688509.SH,688509,688509,正元地信,科创板,沪市,科创板,801750.SI,计算机,801103.SI,IT服务Ⅱ,IT服务Ⅱ,L,20210730,1879,5.14,4.18,1.951,11.905,False,True,True,0,0,0,0,True,
688510.SH,688510,688510,航亚科技,科创板,沪市,科创板,801740.SI,国防军工,801742.SI,航空装备Ⅱ,航空装备Ⅱ,L,20201216,2105,5.76,25.45,3.835,16.129,False,True,True,0,0,0,0,True,
688511.SH,688511,688511,天微电子,科创板,沪市,科创板,801740.SI,国防军工,801745.SI,军工电子Ⅱ,军工电子Ⅱ,L,20210730,1879,5.14,22.95,-1.417,32.143,False,True,True,0,0,0,0,True,
688512.SH,688512,688512,慧智微,科创板,沪市,科创板,801080.SI,电子,801081.SI,半导体,半导体,L,20230516,1224,3.35,14.19,0.07,8.696,False,True,True,0,0,0,0,True,
688513.SH,688513,688513,苑东生物,科创板,沪市,科创板,801150.SI,医药生物,801151.SI,化学制药,化学制药,L,20200902,2210,6.05,49.98,2.967,23.958,False,True,True,0,0,0,0,True,
688515.SH,688515,688515,裕太微,科创板,沪市,科创板,801080.SI,电子,801081.SI,半导体,半导体,L,20230210,1319,3.61,152.24,-0.64,8.537,False,True,True,0,0,0,0,True,
688516.SH,688516,688516,奥特维,科创板,沪市,科创板,801730.SI,电力设备,801735.SI,光伏设备,光伏设备,L,20200521,2314,6.34,44.54,-1.154,14.286,False,True,True,0,0,0,0,True,
688517.SH,688517,688517,金冠电气,科创板,沪市,科创板,801730.SI,电力设备,801738.SI,电网设备,电网设备,L,20210618,1921,5.26,16.57,4.083,12.5,False,True,True,0,0,0,0,True,
688518.SH,688518,688518,联赢激光,科创板,沪市,科创板,801890.SI,机械设备,801078.SI,自动化设备,自动化设备,L,20200622,2282,6.25,20.94,-1.505,7.692,False,True,True,0,0,0,0,True,
688519.SH,688519,688519,南亚新材,科创板,沪市,科创板,801080.SI,电子,801083.SI,元件,元件,L,20200818,2225,6.09,322.96,2.102,17.333,False,True,True,0,0,0,0,True,
688520.SH,688520,688520,神州细胞,科创板,沪市,科创板,801150.SI,医药生物,801152.SI,生物制品,生物制品,L,20200622,2282,6.25,34.71,2.966,44.792,False,True,True,0,0,0,0,True,
688521.SH,688521,688521,芯原股份,科创板,沪市,科创板,801080.SI,电子,801081.SI,半导体,半导体,L,20200818,2225,6.09,207.8,1.277,13.235,False,True,True,0,0,0,0,True,
688522.SH,688522,688522,纳睿雷达,科创板,沪市,科创板,801740.SI,国防军工,801745.SI,军工电子Ⅱ,军工电子Ⅱ,L,20230301,1300,3.56,18.43,1.823,10.87,False,True,True,0,0,0,0,True,
688523.SH,688523,688523,航天环宇,科创板,沪市,科创板,801740.SI,国防军工,801741.SI,航天装备Ⅱ,航天装备Ⅱ,L,20230602,1207,3.3,41.1,-1.368,21.429,False,True,True,0,0,0,0,True,
688525.SH,688525,688525,佰维存储,科创板,沪市,科创板,801080.SI,电子,801081.SI,半导体,半导体,L,20221230,1361,3.73,217.58,0.323,14.583,False,True,True,0,0,0,0,True,
688526.SH,688526,688526,科前生物,科创板,沪市,科创板,801010.SI,农林牧渔,801018.SI,动物保健Ⅱ,动物保健Ⅱ,L,20200922,2190,6.0,12.49,0.97,26.471,False,True,True,0,0,0,0,True,
688528.SH,688528,688528,秦川物联,科创板,沪市,科创板,801890.SI,机械设备,801072.SI,通用设备,通用设备,L,20200701,2273,6.22,10.01,1.213,22.449,False,True,True,0,0,0,0,True,
688529.SH,688529,688529,豪森智能,科创板,沪市,科创板,801890.SI,机械设备,801074.SI,专用设备,专用设备,L,20201109,2142,5.86,14.6,1.389,28.205,False,True,True,0,0,0,0,True,
688530.SH,688530,688530,欧莱新材,科创板,沪市,科创板,801080.SI,电子,801081.SI,半导体,半导体,L,20240509,865,2.37,63.5,0.522,5.732,False,True,True,0,0,0,0,True,
688531.SH,688531,688531,日联科技,科创板,沪市,科创板,801890.SI,机械设备,801074.SI,专用设备,专用设备,L,20230331,1270,3.48,148.0,0.701,9.722,False,True,True,0,0,0,0,True,
688533.SH,688533,688533,上声电子,科创板,沪市,科创板,801880.SI,汽车,801093.SI,汽车零部件,汽车零部件,L,20210419,1981,5.42,19.69,1.39,35.484,False,True,True,0,0,0,0,True,
688535.SH,688535,688535,华海诚科,科创板,沪市,科创板,801080.SI,电子,801081.SI,半导体,半导体,L,20230404,1266,3.47,110.3,-1.781,12.632,False,True,True,0,0,0,0,True,
688536.SH,688536,688536,思瑞浦,科创板,沪市,科创板,801080.SI,电子,801081.SI,半导体,半导体,L,20200921,2191,6.0,356.05,0.807,22.989,False,True,True,0,0,0,0,True,
688538.SH,688538,688538,和辉光电,科创板,沪市,科创板,801080.SI,电子,801084.SI,光学光电子,光学光电子,L,20210528,1942,5.32,2.1,1.942,13.043,False,True,True,0,0,0,0,True,
688539.SH,688539,688539,高华科技,科创板,沪市,科创板,801080.SI,电子,801083.SI,元件,元件,L,20230418,1252,3.43,25.55,4.158,32.813,False,True,True,0,0,0,0,True,
688543.SH,688543,688543,国科军工,科创板,沪市,科创板,801740.SI,国防军工,801743.SI,地面兵装Ⅱ,地面兵装Ⅱ,L,20230621,1188,3.25,44.57,2.46,14.815,False,True,True,0,0,0,0,True,
688548.SH,688548,688548,广钢气体,科创板,沪市,科创板,801080.SI,电子,801086.SI,电子化学品Ⅱ,电子化学品Ⅱ,L,20230815,1133,3.1,33.23,1.003,27.273,False,True,True,0,0,0,0,True,
688549.SH,688549,688549,中巨芯,科创板,沪市,科创板,801080.SI,电子,801086.SI,电子化学品Ⅱ,电子化学品Ⅱ,L,20230908,1109,3.04,24.17,-0.78,10.084,False,True,True,0,0,0,0,True,
688550.SH,688550,688550,瑞联新材,科创板,沪市,科创板,801080.SI,电子,801086.SI,电子化学品Ⅱ,电子化学品Ⅱ,L,20200902,2210,6.05,38.76,1.519,13.542,False,True,True,0,0,0,0,True,
688551.SH,688551,688551,科威尔,科创板,沪市,科创板,801730.SI,电力设备,801733.SI,其他电源设备Ⅱ,其他电源设备Ⅱ,L,20200910,2202,6.03,41.03,1.434,10.769,False,True,True,0,0,0,0,True,
688552.SH,688552,688552,航天南湖,科创板,沪市,科创板,801740.SI,国防军工,801745.SI,军工电子Ⅱ,军工电子Ⅱ,L,20230518,1222,3.35,32.06,3.62,28.777,False,True,True,0,0,0,0,True,
688553.SH,688553,688553,汇宇制药,科创板,沪市,科创板,801150.SI,医药生物,801151.SI,化学制药,化学制药,L,20211026,1791,4.9,12.32,11.091,12.821,False,True,True,0,0,0,0,True,
688556.SH,688556,688556,高测股份,科创板,沪市,科创板,801730.SI,电力设备,801735.SI,光伏设备,光伏设备,L,20200807,2236,6.12,7.88,1.026,15.0,False,True,True,0,0,0,0,True,
688557.SH,688557,688557,兰剑智能,科创板,沪市,科创板,801890.SI,机械设备,801072.SI,通用设备,通用设备,L,20201202,2119,5.8,20.69,4.76,15.385,False,True,True,0,0,0,0,True,
688558.SH,688558,688558,国盛智科,科创板,沪市,科创板,801890.SI,机械设备,801072.SI,通用设备,通用设备,L,20200630,2274,6.23,33.72,0.507,17.188,False,True,True,0,0,0,0,True,
688559.SH,688559,688559,海目星,科创板,沪市,科创板,801890.SI,机械设备,801078.SI,自动化设备,自动化设备,L,20200909,2203,6.03,58.51,-1.697,9.524,False,True,True,0,0,0,0,True,
688560.SH,688560,688560,明冠新材,科创板,沪市,科创板,801730.SI,电力设备,801735.SI,光伏设备,光伏设备,L,20201224,2097,5.74,12.59,2.192,10.0,False,True,True,0,0,0,0,True,
688561.SH,688561,688561,奇安信,科创板,沪市,科创板,801750.SI,计算机,801104.SI,软件开发,软件开发,L,20200722,2252,6.17,28.94,4.176,17.391,False,True,True,0,0,0,0,True,
688562.SH,688562,688562,航天软件,科创板,沪市,科创板,801750.SI,计算机,801103.SI,IT服务Ⅱ,IT服务Ⅱ,L,20230524,1216,3.33,14.5,1.541,32.877,False,True,True,0,0,0,0,True,
688563.SH,688563,688563,航材股份,科创板,沪市,科创板,801740.SI,国防军工,801742.SI,航空装备Ⅱ,航空装备Ⅱ,L,20230719,1160,3.18,56.12,1.3,11.45,False,True,True,0,0,0,0,True,
688565.SH,688565,688565,力源科技,科创板,沪市,科创板,801970.SI,环保,801971.SI,环境治理,环境治理,L,20210513,1957,5.36,11.2,0.901,18.349,False,True,True,0,0,0,0,True,
688566.SH,688566,688566,吉贝尔,科创板,沪市,科创板,801150.SI,医药生物,801151.SI,化学制药,化学制药,L,20200518,2317,6.34,26.69,1.87,13.846,False,True,True,0,0,0,0,True,
688567.SH,688567,688567,孚能科技,科创板,沪市,科创板,801730.SI,电力设备,801737.SI,电池,电池,L,20200717,2257,6.18,9.09,0.11,48.0,False,True,True,0,0,0,0,True,
688568.SH,688568,688568,中科星图,科创板,沪市,科创板,801750.SI,计算机,801103.SI,IT服务Ⅱ,IT服务Ⅱ,L,20200708,2266,6.2,31.29,0.192,38.095,False,True,True,0,0,0,0,True,
688569.SH,688569,688569,铁科轨道,科创板,沪市,科创板,801890.SI,机械设备,801076.SI,轨交设备Ⅱ,轨交设备Ⅱ,L,20200831,2212,6.06,18.5,0.434,20.833,False,True,True,0,0,0,0,True,
688570.SH,688570,688570,天玛智控,科创板,沪市,科创板,801890.SI,机械设备,801078.SI,自动化设备,自动化设备,L,20230605,1204,3.3,14.72,0.96,32.468,False,True,True,0,0,0,0,True,
688571.SH,688571,688571,杭华股份,科创板,沪市,科创板,801030.SI,基础化工,801034.SI,化学制品,化学制品,L,20201211,2110,5.78,8.51,3.402,17.442,False,True,True,0,0,0,0,True,
688573.SH,688573,688573,信宇人,科创板,沪市,科创板,801730.SI,电力设备,801737.SI,电池,电池,L,20230817,1131,3.1,15.43,-0.065,7.692,False,True,True,0,0,0,0,True,
688575.SH,688575,688575,亚辉龙,科创板,沪市,科创板,801150.SI,医药生物,801153.SI,医疗器械,医疗器械,L,20210517,1953,5.35,10.24,5.133,12.0,False,True,True,0,0,0,0,True,
688576.SH,688576,688576,西山科技,科创板,沪市,科创板,801150.SI,医药生物,801153.SI,医疗器械,医疗器械,L,20230606,1203,3.29,40.08,3.299,16.129,False,True,True,0,0,0,0,True,
688577.SH,688577,688577,浙海德曼,科创板,沪市,科创板,801890.SI,机械设备,801072.SI,通用设备,通用设备,L,20200916,2196,6.01,42.4,4.024,33.333,False,True,True,0,0,0,0,True,
688578.SH,688578,688578,艾力斯,科创板,沪市,科创板,801150.SI,医药生物,801151.SI,化学制药,化学制药,L,20201202,2119,5.8,102.09,1.673,19.231,False,True,True,0,0,0,0,True,
688579.SH,688579,688579,地纬智能,科创板,沪市,科创板,801750.SI,计算机,801104.SI,软件开发,软件开发,L,20200717,2257,6.18,7.88,2.205,33.333,False,True,True,0,0,0,0,True,
688580.SH,688580,688580,伟思医疗,科创板,沪市,科创板,801150.SI,医药生物,801153.SI,医疗器械,医疗器械,L,20200721,2253,6.17,44.07,3.088,27.027,False,True,True,0,0,0,0,True,
688581.SH,688581,688581,安杰思,科创板,沪市,科创板,801150.SI,医药生物,801153.SI,医疗器械,医疗器械,L,20230519,1221,3.34,57.18,3.719,9.174,False,True,True,0,0,0,0,True,
688582.SH,688582,688582,芯动联科,科创板,沪市,科创板,801080.SI,电子,801081.SI,半导体,半导体,L,20230630,1179,3.23,38.9,-1.519,49.038,False,True,True,0,0,0,0,True,
688584.SH,688584,688584,上海合晶,科创板,沪市,科创板,801080.SI,电子,801081.SI,半导体,半导体,L,20240208,956,2.62,28.32,0.071,14.286,False,True,True,0,0,0,0,True,
688585.SH,688585,688585,上纬新材,科创板,沪市,科创板,801030.SI,基础化工,801036.SI,塑料,塑料,L,20200928,2184,5.98,147.81,-4.144,25.21,False,True,True,0,0,0,0,True,
688586.SH,688586,688586,江航装备,科创板,沪市,科创板,801740.SI,国防军工,801742.SI,航空装备Ⅱ,航空装备Ⅱ,L,20200731,2243,6.14,11.21,0.991,32.456,False,True,True,0,0,0,0,True,
688588.SH,688588,688588,凌志软件,科创板,沪市,科创板,801750.SI,计算机,801104.SI,软件开发,软件开发,L,20200511,2324,6.36,9.0,2.506,29.167,False,True,True,0,0,0,0,True,
688589.SH,688589,688589,力合微,科创板,沪市,科创板,801080.SI,电子,801081.SI,半导体,半导体,L,20200722,2252,6.17,20.98,1.598,12.821,False,True,True,0,0,0,0,True,
688590.SH,688590,688590,新致软件,科创板,沪市,科创板,801750.SI,计算机,801104.SI,软件开发,软件开发,L,20201207,2114,5.79,12.25,5.603,16.0,False,True,True,0,0,0,0,True,
688591.SH,688591,688591,泰凌微,科创板,沪市,科创板,801080.SI,电子,801081.SI,半导体,半导体,L,20230825,1123,3.07,30.39,0.662,12.281,False,True,True,0,0,0,0,True,
688592.SH,688592,688592,司南导航,科创板,沪市,科创板,801770.SI,通信,801102.SI,通信设备,通信设备,L,20230816,1132,3.1,23.47,2.132,18.333,False,True,True,0,0,0,0,True,
688593.SH,688593,688593,新相微,科创板,沪市,科创板,801080.SI,电子,801081.SI,半导体,半导体,L,20230601,1208,3.31,30.85,-0.899,10.39,False,True,True,0,0,0,0,True,
688595.SH,688595,688595,芯海科技,科创板,沪市,科创板,801080.SI,电子,801081.SI,半导体,半导体,L,20200928,2184,5.98,31.21,2.227,11.111,False,True,True,0,0,0,0,True,
688596.SH,688596,688596,正帆科技,科创板,沪市,科创板,801890.SI,机械设备,801074.SI,专用设备,专用设备,L,20200820,2223,6.09,65.94,-3.029,11.111,False,True,True,0,0,0,0,True,
688597.SH,688597,688597,煜邦电力,科创板,沪市,科创板,801730.SI,电力设备,801738.SI,电网设备,电网设备,L,20210617,1922,5.26,6.57,6.311,16.667,False,True,True,0,0,0,0,True,
688598.SH,688598,688598,金博股份,科创板,沪市,科创板,801730.SI,电力设备,801735.SI,光伏设备,光伏设备,L,20200518,2317,6.34,35.78,2.025,10.0,False,True,True,0,0,0,0,True,
688599.SH,688599,688599,天合光能,科创板,沪市,科创板,801730.SI,电力设备,801735.SI,光伏设备,光伏设备,L,20200610,2294,6.28,11.22,-0.089,28.571,False,True,True,0,0,0,0,True,
688600.SH,688600,688600,皖仪科技,科创板,沪市,科创板,801890.SI,机械设备,801072.SI,通用设备,通用设备,L,20200703,2271,6.22,37.58,1.294,24.107,False,True,True,0,0,0,0,True,
688601.SH,688601,688601,力芯微,科创板,沪市,科创板,801080.SI,电子,801081.SI,半导体,半导体,L,20210628,1911,5.23,62.9,1.961,22.148,False,True,True,0,0,0,0,True,
688602.SH,688602,688602,康鹏科技,科创板,沪市,科创板,801030.SI,基础化工,801034.SI,化学制品,化学制品,L,20230720,1159,3.17,6.97,1.752,14.925,False,True,True,0,0,0,0,True,
688603.SH,688603,688603,天承科技,科创板,沪市,科创板,801080.SI,电子,801086.SI,电子化学品Ⅱ,电子化学品Ⅱ,L,20230710,1169,3.2,122.3,-1.664,9.16,False,True,True,0,0,0,0,True,
688606.SH,688606,688606,奥泰生物,科创板,沪市,科创板,801150.SI,医药生物,801153.SI,医疗器械,医疗器械,L,20210325,2006,5.49,46.95,2.221,46.667,False,True,True,0,0,0,0,True,
688607.SH,688607,688607,康众科技,科创板,沪市,科创板,801150.SI,医药生物,801153.SI,医疗器械,医疗器械,L,20210201,2058,5.63,39.05,-1.712,21.569,False,True,True,0,0,0,0,True,
688608.SH,688608,688608,恒玄科技,科创板,沪市,科创板,801080.SI,电子,801081.SI,半导体,半导体,L,20201216,2105,5.76,104.18,0.901,26.829,False,True,True,0,0,0,0,True,
688609.SH,688609,688609,九联科技,科创板,沪市,科创板,801110.SI,家用电器,801112.SI,黑色家电,黑色家电,L,20210323,2008,5.5,9.63,0.838,9.677,False,True,True,0,0,0,0,True,
688610.SH,688610,688610,埃科光电,科创板,沪市,科创板,801890.SI,机械设备,801072.SI,通用设备,通用设备,L,20230719,1160,3.18,169.01,-0.752,12.36,False,True,True,0,0,0,0,True,
688611.SH,688611,688611,杭州柯林,科创板,沪市,科创板,801730.SI,电力设备,801738.SI,电网设备,电网设备,L,20210412,1988,5.44,68.93,-0.963,28.75,False,True,True,0,0,0,0,True,
688612.SH,688612,688612,威迈斯,科创板,沪市,科创板,801880.SI,汽车,801093.SI,汽车零部件,汽车零部件,L,20230726,1153,3.16,36.7,0.548,21.348,False,True,True,0,0,0,0,True,
688613.SH,688613,688613,奥精医疗,科创板,沪市,科创板,801150.SI,医药生物,801153.SI,医疗器械,医疗器械,L,20210521,1949,5.34,19.21,6.604,21.739,False,True,True,0,0,0,0,True,
688616.SH,688616,688616,西力科技,科创板,沪市,科创板,801730.SI,电力设备,801738.SI,电网设备,电网设备,L,20210318,2013,5.51,10.85,2.844,21.296,False,True,True,0,0,0,0,True,
688617.SH,688617,688617,惠泰医疗,科创板,沪市,科创板,801150.SI,医药生物,801153.SI,医疗器械,医疗器械,L,20210107,2083,5.7,243.49,1.454,20.69,False,True,True,0,0,0,0,True,
688618.SH,688618,688618,三旺通信,科创板,沪市,科创板,801770.SI,通信,801102.SI,通信设备,通信设备,L,20201230,2091,5.72,30.25,2.647,13.514,False,True,True,0,0,0,0,True,
688619.SH,688619,688619,罗普特,科创板,沪市,科创板,801750.SI,计算机,801101.SI,计算机设备,计算机设备,L,20210223,2036,5.57,14.86,-0.269,12.329,False,True,True,0,0,0,0,True,
688620.SH,688620,688620,安凯微,科创板,沪市,科创板,801080.SI,电子,801081.SI,半导体,半导体,L,20230627,1182,3.24,17.9,-0.5,17.284,False,True,True,0,0,0,0,True,
688621.SH,688621,688621,阳光诺和,科创板,沪市,科创板,801150.SI,医药生物,801156.SI,医疗服务,医疗服务,L,20210621,1918,5.25,74.99,2.278,13.043,False,True,True,0,0,0,0,True,
688623.SH,688623,688623,双元科技,科创板,沪市,科创板,801890.SI,机械设备,801078.SI,自动化设备,自动化设备,L,20230608,1201,3.29,57.89,0.294,14.865,False,True,True,0,0,0,0,True,
688625.SH,688625,688625,呈和科技,科创板,沪市,科创板,801030.SI,基础化工,801034.SI,化学制品,化学制品,L,20210607,1932,5.29,71.72,1.443,28.333,False,True,True,0,0,0,0,True,
688626.SH,688626,688626,翔宇医疗,科创板,沪市,科创板,801150.SI,医药生物,801153.SI,医疗器械,医疗器械,L,20210331,2000,5.48,41.28,4.032,18.182,False,True,True,0,0,0,0,True,
688627.SH,688627,688627,精智达,科创板,沪市,科创板,801890.SI,机械设备,801072.SI,通用设备,通用设备,L,20230718,1161,3.18,490.0,-2.584,9.211,False,True,True,0,0,0,0,True,
688628.SH,688628,688628,优利德,科创板,沪市,科创板,801890.SI,机械设备,801072.SI,通用设备,通用设备,L,20210201,2058,5.63,87.67,9.029,13.924,False,True,True,0,0,0,0,True,
688629.SH,688629,688629,华丰科技,科创板,沪市,科创板,801740.SI,国防军工,801745.SI,军工电子Ⅱ,军工电子Ⅱ,L,20230627,1182,3.24,128.4,-3.698,16.867,False,True,True,0,0,0,0,True,
688630.SH,688630,688630,芯碁微装,科创板,沪市,科创板,801890.SI,机械设备,801074.SI,专用设备,专用设备,L,20210401,1999,5.47,422.9,-3.849,11.111,False,True,True,0,0,0,0,True,
688631.SH,688631,688631,莱斯信息,科创板,沪市,科创板,801750.SI,计算机,801104.SI,软件开发,软件开发,L,20230628,1181,3.23,37.8,1.016,20.513,False,True,True,0,0,0,0,True,
688633.SH,688633,688633,星球石墨,科创板,沪市,科创板,801890.SI,机械设备,801074.SI,专用设备,专用设备,L,20210324,2007,5.49,22.51,0.626,14.103,False,True,True,0,0,0,0,True,
688636.SH,688636,688636,智明达,科创板,沪市,科创板,801740.SI,国防军工,801745.SI,军工电子Ⅱ,军工电子Ⅱ,L,20210408,1992,5.45,21.63,4.191,7.317,False,True,True,0,0,0,0,True,
688638.SH,688638,688638,誉辰智能,科创板,沪市,科创板,801730.SI,电力设备,801737.SI,电池,电池,L,20230712,1167,3.2,33.0,1.632,9.259,False,True,True,0,0,0,0,True,
688639.SH,688639,688639,华恒生物,科创板,沪市,科创板,801030.SI,基础化工,801034.SI,化学制品,化学制品,L,20210422,1978,5.42,18.2,6.808,12.5,False,True,True,0,0,0,0,True,
688648.SH,688648,688648,中邮科技,科创板,沪市,科创板,801890.SI,机械设备,801074.SI,专用设备,专用设备,L,20231113,1043,2.86,29.4,0.685,15.094,False,True,True,0,0,0,0,True,
688651.SH,688651,688651,盛邦安全,科创板,沪市,科创板,801750.SI,计算机,801104.SI,软件开发,软件开发,L,20230726,1153,3.16,24.23,4.17,6.41,False,True,True,0,0,0,0,True,
688652.SH,688652,688652,京仪装备,科创板,沪市,科创板,801080.SI,电子,801081.SI,半导体,半导体,L,20231129,1027,2.81,149.8,-1.719,15.909,False,True,True,0,0,0,0,True,
688653.SH,688653,688653,康希通信,科创板,沪市,科创板,801080.SI,电子,801081.SI,半导体,半导体,L,20231117,1039,2.84,15.4,2.326,12.857,False,True,True,0,0,0,0,True,
688655.SH,688655,688655,迅捷兴,科创板,沪市,科创板,801080.SI,电子,801083.SI,元件,元件,L,20210511,1959,5.36,73.21,12.613,20.0,False,True,True,0,0,0,0,True,
688656.SH,688656,688656,浩欧博,科创板,沪市,科创板,801150.SI,医药生物,801153.SI,医疗器械,医疗器械,L,20210113,2077,5.69,120.1,5.722,32.258,False,True,True,0,0,0,0,True,
688657.SH,688657,688657,浩辰软件,科创板,沪市,科创板,801750.SI,计算机,801104.SI,软件开发,软件开发,L,20231010,1077,2.95,33.96,3.726,9.877,False,True,True,0,0,0,0,True,
688658.SH,688658,688658,悦康药业,科创板,沪市,科创板,801150.SI,医药生物,801151.SI,化学制药,化学制药,L,20201224,2097,5.74,13.41,4.439,13.433,False,True,True,0,0,0,0,True,
688659.SH,688659,688659,元琛科技,科创板,沪市,科创板,801030.SI,基础化工,801034.SI,化学制品,化学制品,L,20210331,2000,5.48,9.15,2.12,18.367,False,True,True,0,0,0,0,True,
688660.SH,688660,688660,电气风电,科创板,沪市,科创板,801730.SI,电力设备,801736.SI,风电设备,风电设备,L,20210519,1951,5.34,9.23,-1.808,17.778,False,True,True,0,0,0,0,True,
688661.SH,688661,688661,和林微纳,科创板,沪市,科创板,801080.SI,电子,801081.SI,半导体,半导体,L,20210329,2002,5.48,107.0,-2.523,12.5,False,True,True,0,0,0,0,True,
688662.SH,688662,688662,富信科技,科创板,沪市,科创板,801080.SI,电子,801082.SI,其他电子Ⅱ,其他电子Ⅱ,L,20210401,1999,5.47,107.9,12.513,24.242,False,True,True,0,0,0,0,True,
688663.SH,688663,688663,新风光,科创板,沪市,科创板,801730.SI,电力设备,801738.SI,电网设备,电网设备,L,20210413,1987,5.44,57.48,2.278,11.667,False,True,True,0,0,0,0,True,
688665.SH,688665,688665,四方光电,科创板,沪市,科创板,801890.SI,机械设备,801072.SI,通用设备,通用设备,L,20210209,2050,5.61,42.99,-3.219,33.333,False,True,True,0,0,0,0,True,
688667.SH,688667,688667,菱电电控,科创板,沪市,科创板,801880.SI,汽车,801093.SI,汽车零部件,汽车零部件,L,20210312,2019,5.53,98.39,-0.203,31.481,False,True,True,0,0,0,0,True,
688668.SH,688668,688668,鼎通科技,科创板,沪市,科创板,801770.SI,通信,801102.SI,通信设备,通信设备,L,20201221,2100,5.75,266.15,-1.28,9.524,False,True,True,0,0,0,0,True,
688669.SH,688669,688669,聚石化学,科创板,沪市,科创板,801030.SI,基础化工,801036.SI,塑料,塑料,L,20210125,2065,5.65,68.1,-1.017,13.333,False,True,True,0,0,0,0,True,
688670.SH,688670,688670,金迪克,科创板,沪市,科创板,801150.SI,医药生物,801152.SI,生物制品,生物制品,L,20210802,1876,5.14,18.55,5.278,14.634,False,True,True,0,0,0,0,True,
688671.SH,688671,688671,碧兴物联,科创板,沪市,科创板,801970.SI,环保,801972.SI,环保设备Ⅱ,环保设备Ⅱ,L,20230809,1139,3.12,26.73,7.306,10.744,False,True,True,0,0,0,0,True,
688676.SH,688676,688676,金盘科技,科创板,沪市,科创板,801730.SI,电力设备,801738.SI,电网设备,电网设备,L,20210309,2022,5.54,64.52,-1.285,14.286,False,True,True,0,0,0,0,True,
688677.SH,688677,688677,海泰新光,科创板,沪市,科创板,801150.SI,医药生物,801153.SI,医疗器械,医疗器械,L,20210226,2033,5.57,81.35,-0.793,16.364,False,True,True,0,0,0,0,True,
688678.SH,688678,688678,福立旺,科创板,沪市,科创板,801080.SI,电子,801085.SI,消费电子,消费电子,L,20201223,2098,5.74,27.93,13.169,30.263,False,True,True,0,0,0,0,True,
688679.SH,688679,688679,通源环境,科创板,沪市,科创板,801970.SI,环保,801971.SI,环境治理,环境治理,L,20201225,2096,5.74,40.56,-4.722,11.538,False,True,True,0,0,0,0,True,
688680.SH,688680,688680,海优新材,科创板,沪市,科创板,801730.SI,电力设备,801735.SI,光伏设备,光伏设备,L,20210122,2068,5.66,36.47,7.265,27.778,False,True,True,0,0,0,0,True,
688681.SH,688681,688681,科汇股份,科创板,沪市,科创板,801730.SI,电力设备,801738.SI,电网设备,电网设备,L,20210616,1923,5.26,15.25,1.938,14.286,False,True,True,0,0,0,0,True,
688682.SH,688682,688682,霍莱沃,科创板,沪市,科创板,801740.SI,国防军工,801745.SI,军工电子Ⅱ,军工电子Ⅱ,L,20210420,1980,5.42,31.23,2.9,32.692,False,True,True,0,0,0,0,True,
688683.SH,688683,688683,莱尔科技,科创板,沪市,科创板,801080.SI,电子,801086.SI,电子化学品Ⅱ,电子化学品Ⅱ,L,20210412,1988,5.44,32.19,1.163,31.579,False,True,True,0,0,0,0,True,
688685.SH,688685,688685,迈信林,科创板,沪市,科创板,801740.SI,国防军工,801742.SI,航空装备Ⅱ,航空装备Ⅱ,L,20210513,1957,5.36,35.33,-1.861,23.077,False,True,True,0,0,0,0,True,
688686.SH,688686,688686,奥普特,科创板,沪市,科创板,801890.SI,机械设备,801078.SI,自动化设备,自动化设备,L,20201231,2090,5.72,140.7,-2.156,26.531,False,True,True,0,0,0,0,True,
688687.SH,688687,688687,凯因科技,科创板,沪市,科创板,801150.SI,医药生物,801152.SI,生物制品,生物制品,L,20210208,2051,5.62,18.22,5.807,11.111,False,True,True,0,0,0,0,True,
688689.SH,688689,688689,银河微电,科创板,沪市,科创板,801080.SI,电子,801081.SI,半导体,半导体,L,20210127,2063,5.65,40.9,-0.122,9.184,False,True,True,0,0,0,11,True,
688690.SH,688690,688690,纳微科技,科创板,沪市,科创板,801150.SI,医药生物,801151.SI,化学制药,化学制药,L,20210623,1916,5.25,46.95,-0.53,23.188,False,True,True,0,0,0,0,True,
688691.SH,688691,688691,灿芯股份,科创板,沪市,科创板,801080.SI,电子,801081.SI,半导体,半导体,L,20240411,893,2.44,65.27,0.369,9.449,False,True,True,0,0,0,0,True,
688692.SH,688692,688692,达梦数据,科创板,沪市,科创板,801750.SI,计算机,801104.SI,软件开发,软件开发,L,20240612,831,2.28,204.91,0.792,17.757,False,True,True,0,0,0,0,True,
688693.SH,688693,688693,锴威特,科创板,沪市,科创板,801080.SI,电子,801081.SI,半导体,半导体,L,20230818,1130,3.09,77.83,-2.014,8.333,False,True,True,0,0,0,0,True,
688695.SH,688695,688695,中创股份,科创板,沪市,科创板,801750.SI,计算机,801104.SI,软件开发,软件开发,L,20240313,922,2.52,19.13,2.027,10.417,False,True,True,0,0,0,0,True,
688696.SH,688696,688696,极米科技,科创板,沪市,科创板,801110.SI,家用电器,801112.SI,黑色家电,黑色家电,L,20210303,2028,5.55,84.78,1.121,28.571,False,True,True,0,0,0,0,True,
688697.SH,688697,688697,纽威数控,科创板,沪市,科创板,801890.SI,机械设备,801072.SI,通用设备,通用设备,L,20210917,1830,5.01,15.3,1.325,13.699,False,True,True,0,0,0,0,True,
688698.SH,688698,688698,伟创电气,科创板,沪市,科创板,801890.SI,机械设备,801078.SI,自动化设备,自动化设备,L,20201229,2092,5.73,44.28,2.263,22.727,False,True,True,0,0,0,0,True,
688699.SH,688699,688699,明微电子,科创板,沪市,科创板,801080.SI,电子,801081.SI,半导体,半导体,L,20201218,2103,5.76,68.99,0.642,14.815,False,True,True,0,0,0,0,True,
688700.SH,688700,688700,东威科技,科创板,沪市,科创板,801890.SI,机械设备,801074.SI,专用设备,专用设备,L,20210615,1924,5.27,64.68,-0.767,12.857,False,True,True,0,0,0,0,True,
688701.SH,688701,688701,卓锦股份,科创板,沪市,科创板,801970.SI,环保,801971.SI,环境治理,环境治理,L,20210916,1831,5.01,8.63,0.232,24.419,False,True,True,0,0,0,0,True,
688702.SH,688702,688702,盛科通信,科创板,沪市,科创板,801080.SI,电子,801081.SI,半导体,半导体,L,20230914,1103,3.02,327.0,-2.33,22.449,False,True,True,0,0,0,0,True,
688707.SH,688707,688707,振华新材,科创板,沪市,科创板,801730.SI,电力设备,801737.SI,电池,电池,L,20210914,1833,5.02,10.27,0.195,38.462,False,True,True,0,0,0,0,True,
688709.SH,688709,688709,成都华微,科创板,沪市,科创板,801080.SI,电子,801081.SI,半导体,半导体,L,20240207,957,2.62,25.36,1.359,12.698,False,True,True,0,0,0,0,True,
688710.SH,688710,688710,益诺思,科创板,沪市,科创板,801150.SI,医药生物,801156.SI,医疗服务,医疗服务,L,20240903,748,2.05,95.6,0.716,18.056,False,True,True,0,0,0,0,True,
688711.SH,688711,688711,宏微科技,科创板,沪市,科创板,801080.SI,电子,801081.SI,半导体,半导体,L,20210901,1846,5.05,28.63,-2.353,18.462,False,True,True,0,0,0,0,True,
688716.SH,688716,688716,中研股份,科创板,沪市,科创板,801030.SI,基础化工,801036.SI,塑料,塑料,L,20230920,1097,3.0,26.21,1.314,11.765,False,True,True,0,0,0,0,True,
688717.SH,688717,688717,艾罗能源,科创板,沪市,科创板,801730.SI,电力设备,801735.SI,光伏设备,光伏设备,L,20240103,992,2.72,43.73,-0.884,13.699,False,True,True,0,0,0,0,True,
688718.SH,688718,688718,唯赛勃,科创板,沪市,科创板,801030.SI,基础化工,801036.SI,塑料,塑料,L,20210728,1881,5.15,14.6,3.473,22.857,False,True,True,0,0,0,0,True,
688719.SH,688719,688719,爱科赛博,科创板,沪市,科创板,801730.SI,电力设备,801733.SI,其他电源设备Ⅱ,其他电源设备Ⅱ,L,20230928,1089,2.98,57.93,3.446,10.294,False,True,True,0,0,0,0,True,
688720.SH,688720,688720,艾森股份,科创板,沪市,科创板,801080.SI,电子,801081.SI,半导体,半导体,L,20231206,1020,2.79,68.99,1.936,13.187,False,True,True,0,0,0,0,True,
688721.SH,688721,688721,龙图光罩,科创板,沪市,科创板,801080.SI,电子,801081.SI,半导体,半导体,L,20240806,776,2.12,40.63,-1.575,8.458,False,True,True,0,0,0,0,True,
688722.SH,688722,688722,同益中,科创板,沪市,科创板,801030.SI,基础化工,801032.SI,化学纤维,化学纤维,L,20211019,1798,4.92,14.32,1.632,18.75,False,True,True,0,0,0,0,True,
688728.SH,688728,688728,格科微,科创板,沪市,科创板,801080.SI,电子,801081.SI,半导体,半导体,L,20210818,1860,5.09,14.79,-0.871,25.641,False,True,True,0,0,0,0,True,
688733.SH,688733,688733,壹石通,科创板,沪市,科创板,801730.SI,电力设备,801737.SI,电池,电池,L,20210817,1861,5.1,29.22,-0.983,12.5,False,True,True,0,0,0,0,True,
688737.SH,688737,688737,中自科技,科创板,沪市,科创板,801880.SI,汽车,801093.SI,汽车零部件,汽车零部件,L,20211022,1795,4.91,17.11,0.766,47.727,False,True,True,0,0,0,0,True,
688739.SH,688739,688739,成大生物,科创板,沪市,科创板,801150.SI,医药生物,801152.SI,生物制品,生物制品,L,20211028,1789,4.9,20.78,3.178,29.412,False,True,True,0,0,0,0,True,
688766.SH,688766,688766,普冉股份,科创板,沪市,科创板,801080.SI,电子,801081.SI,半导体,半导体,L,20210823,1855,5.08,428.2,-0.419,9.804,False,True,True,0,0,0,0,True,
688767.SH,688767,688767,博拓生物,科创板,沪市,科创板,801150.SI,医药生物,801153.SI,医疗器械,医疗器械,L,20210908,1839,5.03,43.44,6.106,14.286,False,True,True,0,0,0,0,True,
688768.SH,688768,688768,容知日新,科创板,沪市,科创板,801890.SI,机械设备,801072.SI,通用设备,通用设备,L,20210726,1883,5.16,47.21,14.727,29.167,False,True,True,0,0,0,0,True,
688772.SH,688772,688772,珠海冠宇,科创板,沪市,科创板,801730.SI,电力设备,801737.SI,电池,电池,L,20211015,1802,4.93,13.51,-1.243,17.241,False,True,True,0,0,0,0,True,
688776.SH,688776,688776,国光电气,科创板,沪市,科创板,801740.SI,国防军工,801745.SI,军工电子Ⅱ,军工电子Ⅱ,L,20210831,1847,5.06,46.9,0.991,27.273,False,True,True,0,0,0,0,True,
688777.SH,688777,688777,中控技术,科创板,沪市,科创板,801890.SI,机械设备,801078.SI,自动化设备,自动化设备,L,20201124,2127,5.82,81.8,-7.045,19.084,False,True,True,0,0,0,0,True,
688778.SH,688778,688778,厦钨新能,科创板,沪市,科创板,801730.SI,电力设备,801737.SI,电池,电池,L,20210805,1873,5.13,43.6,-3.583,31.034,False,True,True,0,0,0,0,True,
688779.SH,688779,688779,五矿新能,科创板,沪市,科创板,801730.SI,电力设备,801737.SI,电池,电池,L,20210811,1867,5.11,7.58,-2.067,15.0,False,True,True,0,0,0,0,True,
688786.SH,688786,688786,悦安新材,科创板,沪市,科创板,801050.SI,有色金属,801051.SI,金属新材料,金属新材料,L,20210826,1852,5.07,29.53,2.393,13.187,False,True,True,0,0,0,0,True,
688787.SH,688787,688787,海天瑞声,科创板,沪市,科创板,801750.SI,计算机,801103.SI,IT服务Ⅱ,IT服务Ⅱ,L,20210813,1865,5.11,91.35,-0.273,19.643,False,True,True,0,0,0,0,True,
688788.SH,688788,688788,科思科技,科创板,沪市,科创板,801740.SI,国防军工,801745.SI,军工电子Ⅱ,军工电子Ⅱ,L,20201022,2160,5.91,29.71,1.399,36.667,False,True,True,0,0,0,0,True,
688789.SH,688789,688789,宏华数科,科创板,沪市,科创板,801890.SI,机械设备,801074.SI,专用设备,专用设备,L,20210708,1901,5.2,44.4,4.421,25.0,False,True,True,0,0,0,0,True,
688793.SH,688793,688793,倍轻松,科创板,沪市,科创板,801110.SI,家用电器,801113.SI,小家电,小家电,L,20210715,1894,5.19,18.44,5.673,17.742,False,True,True,0,0,0,0,True,
688798.SH,688798,688798,艾为电子,科创板,沪市,科创板,801080.SI,电子,801081.SI,半导体,半导体,L,20210816,1862,5.1,55.36,-0.45,21.127,False,True,True,0,0,0,0,True,
688799.SH,688799,688799,华纳药厂,科创板,沪市,科创板,801150.SI,医药生物,801151.SI,化学制药,化学制药,L,20210713,1896,5.19,59.45,5.971,23.158,False,True,True,0,0,0,0,True,
688800.SH,688800,688800,瑞可达,科创板,沪市,科创板,801080.SI,电子,801082.SI,其他电子Ⅱ,其他电子Ⅱ,L,20210722,1887,5.17,69.87,0.793,11.765,False,True,True,0,0,0,0,True,
688819.SH,688819,688819,天能股份,科创板,沪市,科创板,801730.SI,电力设备,801737.SI,电池,电池,L,20210118,2072,5.67,20.8,0.483,43.636,False,True,True,0,0,0,0,True,
688981.SH,688981,688981,中芯国际,科创板,沪市,科创板,801080.SI,电子,801081.SI,半导体,半导体,L,20200716,2258,6.18,122.01,0.008,17.308,False,True,True,0,0,0,0,True,
689009.SH,689009,689009,九号公司,科创板,沪市,科创板,801880.SI,汽车,801881.SI,摩托车及其他,摩托车及其他,L,20201029,2153,5.89,38.21,0.553,18.182,False,True,True,0,0,0,0,True,
